"gbifID	datasetKey	occurrenceID	kingdom	phylum	class	order	family	genus	species	infraspecificEpithet	taxonRank	scientificName	verbatimScientificName	verbatimScientificNameAuthorship	countryCode	locality	stateProvince	occurrenceStatus	individualCount	publishingOrgKey	decimalLatitude	decimalLongitude	coordinateUncertaintyInMeters	coordinatePrecision	elevation	elevationAccuracy	depth	depthAccuracy	eventDate	day	month	year	taxonKey	speciesKey	basisOfRecord	institutionCode	collectionCode	catalogNumber	recordNumber	identifiedBy	dateIdentified	license	rightsHolder	recordedBy	typeStatus	establishmentMeans	lastInterpreted	mediaType	issue",,,,,
"912462588	cd6e21c8-9e8a-493a-8a76-fbf7862069e5	http://specimens.kew.org/herbarium/K000572703	Plantae	Tracheophyta	Magnoliopsida	Caryophyllales	Nyctaginaceae	Bougainvillea	Bougainvillea modesta		SPECIES	Bougainvillea modesta Heimerl	Bougainvillea modesta	Heimerl	BO			PRESENT		061b4f20-f241-11da-a328-b8a03c50a862									1897-09-01T00:00	1	9	1897	5553603	5553603	PRESERVED_SPECIMEN	K	Herbarium	K000572703	2398			CC_BY_4_0		Bang"," M.			2025-01-23T23:08:24.266Z	StillImage	CONTINENT_DERIVED_FROM_COUNTRY;TYPE_STATUS_INVALID;INSTITUTION_MATCH_FUZZY;INSTITUTION_COLLECTION_MISMATCH",,,,
"575124153	bf2a4bf0-5f31-11de-b67e-b8a03c50a862	https://data.rbge.org.uk/herb/E00414164	Plantae	Tracheophyta	Magnoliopsida	Caryophyllales	Nyctaginaceae	Bougainvillea	Bougainvillea modesta		SPECIES	Bougainvillea modesta Heimerl	Bougainvillea modesta Heimerl		BO	Bolivia:near Coroico.		PRESENT		98e934b0-5f31-11de-b67e-b8a03c50a862									1894-08-24	24	8	1894	5553603	5553603	PRESERVED_SPECIMEN	RBGE	E	E00414164	2398			CC0	Royal Botanic Garden Edinburgh	Bang"," Miguel			2025-01-22T01:52:47.674Z	StillImage;InteractiveResource	CONTINENT_DERIVED_FROM_COUNTRY;TYPE_STATUS_INVALID",,,,
"575052323	bf2a4bf0-5f31-11de-b67e-b8a03c50a862	https://data.rbge.org.uk/herb/E00414165	Plantae	Tracheophyta	Magnoliopsida	Caryophyllales	Nyctaginaceae	Bougainvillea	Bougainvillea modesta		SPECIES	Bougainvillea modesta Heimerl	Bougainvillea modesta Heimerl		BO	Bolivia:near Coroico.		PRESENT		98e934b0-5f31-11de-b67e-b8a03c50a862									1894-08-24	24	8	1894	5553603	5553603	PRESERVED_SPECIMEN	RBGE	E	E00414165	2398			CC0	Royal Botanic Garden Edinburgh	Bang"," Miguel			2025-01-22T01:52:47.462Z	InteractiveResource;StillImage	CONTINENT_DERIVED_FROM_COUNTRY;TYPE_STATUS_INVALID",,,,
"574939628	bf2a4bf0-5f31-11de-b67e-b8a03c50a862	https://data.rbge.org.uk/herb/E00163006	Plantae	Tracheophyta	Magnoliopsida	Caryophyllales	Nyctaginaceae	Bougainvillea	Bougainvillea modesta		SPECIES	Bougainvillea modesta Heimerl	Bougainvillea modesta Heimerl		BR			PRESENT		98e934b0-5f31-11de-b67e-b8a03c50a862									1994-08-10	10	8	1994	5553603	5553603	PRESERVED_SPECIMEN	RBGE	E	E00163006	2373			CC0	Royal Botanic Garden Edinburgh	Pott"," Vali Joana			2025-01-22T01:52:37.839Z	StillImage;InteractiveResource	CONTINENT_DERIVED_FROM_COUNTRY",,,,
"4948153458	c8d12f8a-7e39-4e2c-92d7-825d590ad15b	52d9e4d9-d6af-43e6-8e99-a57c6f0949b9	Plantae	Tracheophyta	Magnoliopsida	Caryophyllales	Nyctaginaceae	Bougainvillea	Bougainvillea modesta		SPECIES	Bougainvillea modesta Heimerl	Bougainvillea modesta	Heimerl	BO	Head of Beni River	Beni	PRESENT		174c6da2-e002-42fe-9f56-2f9d670240f4									1921-08-07	7	8	1921	5553603	5553603	PRESERVED_SPECIMEN	MICH	Angiosperms	1682303	973			CC_BY_NC_4_0		G. E. White			2025-01-02T19:34:27.330Z	StillImage	",,,,,
"4066814399	85714c48-f762-11e1-a439-00145eb45e9a	https://herbarium.bgbm.org/object/B100522521	Plantae	Tracheophyta	Magnoliopsida	Caryophyllales	Nyctaginaceae	Bougainvillea	Bougainvillea modesta		SPECIES	Bougainvillea modesta Heimerl	Bougainvillea modesta Heimerl		BO	Depto.: La Paz", Prov. Nor Yungas," por debajo de Yolosaca. 2 km arriba del embarcadero		PRESENT		57254bd0-8256-11d8-b7ed-b8a03c50a862					1250.0				1991-08-04	4	8	1991	5553603	5553603	PRESERVED_SPECIMEN	B	Herbarium Berolinense	B 10 0522521	18793	T. Chen 2011		CC0_1_0		Beck","S.G.			2025-01-21T08:45:58.722Z	StillImage	CONTINENT_DERIVED_FROM_COUNTRY;INSTITUTION_MATCH_FUZZY",,
"4062240797	e053ff53-c156-4e2e-b9b5-4462e9625424	urn:catalog:MO:Tropicos:102283299	Plantae	Tracheophyta	Magnoliopsida	Caryophyllales	Nyctaginaceae	Bougainvillea	Bougainvillea modesta		SPECIES	Bougainvillea modesta Heimerl	Bougainvillea modesta Heimerl	Heimerl	BO	Ãrea Natural de Manejo Integrado Madidi", Machariapo," LimÃ³n.	La Paz	PRESENT	7	90fd6680-349f-11d8-aa2d-b8a03c50a862	-14.494722	-68.509167			740.0				2006-09-17	17	9	2006	5553603	5553603	PRESERVED_SPECIMEN	USZ	Tropicos	102283299	2944	A. Araujo-M. (LPB)	2006-01-01T00:00:00	CC_BY_4_0	Missouri Botanical Garden	Alejandro Araujo M.;Christopher Davidson;Sharon R. Christoph;Paola Gismondi;M. Cornejo;E. Ticona			2025-01-25T18:16:57.505Z		COORDINATE_ROUNDED;GEODETIC_DATUM_ASSUMED_WGS84;TAXON_MATCH_TAXON_ID_IGNORED;OCCURRENCE_STATUS_INFERRED_FROM_INDIVIDUAL_COUNT;COLLECTION_MATCH_NONE;INSTITUTION_MATCH_FUZZY;DIFFERENT_OWNER_INSTITUTION",,,
"4062219486	e053ff53-c156-4e2e-b9b5-4462e9625424	urn:catalog:MO:Tropicos:101837530	Plantae	Tracheophyta	Magnoliopsida	Caryophyllales	Nyctaginaceae	Bougainvillea	Bougainvillea modesta		SPECIES	Bougainvillea modesta Heimerl	Bougainvillea modesta Heimerl	Heimerl	BO	Espiritu"," en la zona de influencia del Rio Yacuma	Beni	PRESENT	1	90fd6680-349f-11d8-aa2d-b8a03c50a862	-14.2	-66.616667			200.0				1986-09-10	10	9	1986	5553603	5553603	PRESERVED_SPECIMEN	NY	Tropicos	101837530	5976	M. H. Nee	2018-01-01T00:00:00	CC_BY_4_0	Missouri Botanical Garden	Stephan G. Beck			2025-01-25T18:15:09.593Z		GEODETIC_DATUM_ASSUMED_WGS84;TAXON_MATCH_TAXON_ID_IGNORED;OCCURRENCE_STATUS_INFERRED_FROM_INDIVIDUAL_COUNT;COLLECTION_MATCH_NONE;INSTITUTION_MATCH_FUZZY;DIFFERENT_OWNER_INSTITUTION",,,,
"4062201534	e053ff53-c156-4e2e-b9b5-4462e9625424	urn:catalog:MO:Tropicos:102283297	Plantae	Tracheophyta	Magnoliopsida	Caryophyllales	Nyctaginaceae	Bougainvillea	Bougainvillea modesta		SPECIES	Bougainvillea modesta Heimerl	Bougainvillea modesta Heimerl	Heimerl	BO	Ãrea Natural de Manejo Integrado Madidi", Machariapo," LimÃ³n.	La Paz	PRESENT	7	90fd6680-349f-11d8-aa2d-b8a03c50a862	-14.494722	-68.509167			740.0				2006-09-17	17	9	2006	5553603	5553603	PRESERVED_SPECIMEN	K	Tropicos	102283297	2944	A. Araujo-M. (LPB)	2006-01-01T00:00:00	CC_BY_4_0	Missouri Botanical Garden	Alejandro Araujo M.;Christopher Davidson;Sharon R. Christoph;Paola Gismondi;M. Cornejo;E. Ticona			2025-01-25T18:16:57.864Z		COORDINATE_ROUNDED;GEODETIC_DATUM_ASSUMED_WGS84;TAXON_MATCH_TAXON_ID_IGNORED;OCCURRENCE_STATUS_INFERRED_FROM_INDIVIDUAL_COUNT;COLLECTION_MATCH_NONE;INSTITUTION_MATCH_FUZZY;DIFFERENT_OWNER_INSTITUTION",,,
"4062188646	e053ff53-c156-4e2e-b9b5-4462e9625424	urn:catalog:MO:Tropicos:102228946	Plantae	Tracheophyta	Magnoliopsida	Caryophyllales	Nyctaginaceae	Bougainvillea	Bougainvillea modesta		SPECIES	Bougainvillea modesta Heimerl	Bougainvillea modesta Heimerl	Heimerl	BO	Ãrea Natural de Manejo Integrado Madidi", Azariamas," frente al arroyo Jaukantista.  Terraza antigua. Plantas NO alcoholizadas.	La Paz	PRESENT	4	90fd6680-349f-11d8-aa2d-b8a03c50a862	-14.235	-68.527778			656.0				2005-09-29	29	9	2005	5553603	5553603	PRESERVED_SPECIMEN	NY	Tropicos	102228946	1828	M. H. Nee	2018-01-01T00:00:00	CC_BY_4_0	Missouri Botanical Garden	Leslie E. Cayola;C. Campos;A.S. Poma C.;Remberto Jove;H. Urbano			2025-01-25T18:16:57.106Z		COORDINATE_ROUNDED;GEODETIC_DATUM_ASSUMED_WGS84;TAXON_MATCH_TAXON_ID_IGNORED;OCCURRENCE_STATUS_INFERRED_FROM_INDIVIDUAL_COUNT;COLLECTION_MATCH_NONE;INSTITUTION_MATCH_FUZZY;DIFFERENT_OWNER_INSTITUTION",,,
"4062184422	e053ff53-c156-4e2e-b9b5-4462e9625424	urn:catalog:MO:Tropicos:102158386	Plantae	Tracheophyta	Magnoliopsida	Caryophyllales	Nyctaginaceae	Bougainvillea	Bougainvillea modesta		SPECIES	Bougainvillea modesta Heimerl	Bougainvillea modesta Heimerl	Heimerl	BO	near Coroico	La Paz	PRESENT	1	90fd6680-349f-11d8-aa2d-b8a03c50a862									1894-08-24	24	8	1894	5553603	5553603	PRESERVED_SPECIMEN	NY	Tropicos	102158386	2398	Foster's 1958 catalog notes file		CC_BY_4_0	Missouri Botanical Garden	Miguel Bang	ISOTYPE		2025-01-25T18:15:13.498Z		TAXON_MATCH_TAXON_ID_IGNORED;OCCURRENCE_STATUS_INFERRED_FROM_INDIVIDUAL_COUNT;COLLECTION_MATCH_NONE;INSTITUTION_MATCH_FUZZY;DIFFERENT_OWNER_INSTITUTION",,,,,
"4062119660	e053ff53-c156-4e2e-b9b5-4462e9625424	urn:catalog:MO:Tropicos:102158384	Plantae	Tracheophyta	Magnoliopsida	Caryophyllales	Nyctaginaceae	Bougainvillea	Bougainvillea modesta		SPECIES	Bougainvillea modesta Heimerl	Bougainvillea modesta Heimerl	Heimerl	BO	near Coroico	La Paz	PRESENT	1	90fd6680-349f-11d8-aa2d-b8a03c50a862									1894-08-24	24	8	1894	5553603	5553603	PRESERVED_SPECIMEN	GH	Tropicos	102158384	2398	Foster's 1958 catalog notes file		CC_BY_4_0	Missouri Botanical Garden	Miguel Bang	ISOTYPE		2025-01-25T18:16:50.178Z		TAXON_MATCH_TAXON_ID_IGNORED;OCCURRENCE_STATUS_INFERRED_FROM_INDIVIDUAL_COUNT;COLLECTION_MATCH_NONE;INSTITUTION_MATCH_FUZZY;DIFFERENT_OWNER_INSTITUTION",,,,,
"4062090505	e053ff53-c156-4e2e-b9b5-4462e9625424	urn:catalog:MO:Tropicos:102283302	Plantae	Tracheophyta	Magnoliopsida	Caryophyllales	Nyctaginaceae	Bougainvillea	Bougainvillea modesta		SPECIES	Bougainvillea modesta Heimerl	Bougainvillea modesta Heimerl	Heimerl	BO	Ãrea Natural de Manejo Integrado Madidi", Machariapo," LimÃ³n.	La Paz	PRESENT	7	90fd6680-349f-11d8-aa2d-b8a03c50a862	-14.494722	-68.509167			740.0				2006-09-17	17	9	2006	5553603	5553603	PRESERVED_SPECIMEN	SI	Tropicos	102283302	2944	A. Araujo-M. (LPB)	2006-01-01T00:00:00	CC_BY_4_0	Missouri Botanical Garden	Alejandro Araujo M.;Christopher Davidson;Sharon R. Christoph;Paola Gismondi;M. Cornejo;E. Ticona			2025-01-25T18:15:14.751Z		COORDINATE_ROUNDED;GEODETIC_DATUM_ASSUMED_WGS84;TAXON_MATCH_TAXON_ID_IGNORED;OCCURRENCE_STATUS_INFERRED_FROM_INDIVIDUAL_COUNT;COLLECTION_MATCH_NONE;INSTITUTION_MATCH_FUZZY;DIFFERENT_OWNER_INSTITUTION",,,
"4062029156	e053ff53-c156-4e2e-b9b5-4462e9625424	urn:catalog:MO:Tropicos:101754323	Plantae	Tracheophyta	Magnoliopsida	Caryophyllales	Nyctaginaceae	Bougainvillea	Bougainvillea modesta		SPECIES	Bougainvillea modesta Heimerl	Bougainvillea modesta Heimerl	Heimerl	BO	Lomerio. 12 km al Norte de la comunidad Las Trancas. Parcelas permamente del proyecto Bolfor", Las Trancas 95. Bosque seco chiquitania. Especies muy frecuentes de Andenanthera colubrina, Poeppigia procera, Centrolobium microchaete," etc. Suelos laterÃ­ticos.	Santa Cruz	PRESENT	1	90fd6680-349f-11d8-aa2d-b8a03c50a862	-16.520278	-61.846389			450.0				1995-09-10	10	9	1995	5553603	5553603	PRESERVED_SPECIMEN	K	Tropicos	101754323	986	M. H. Nee	2018-01-01T00:00:00	CC_BY_4_0	Missouri Botanical Garden	Fabiana Mamani M.			2025-01-25T18:16:50.605Z		COORDINATE_ROUNDED;GEODETIC_DATUM_ASSUMED_WGS84;TAXON_MATCH_TAXON_ID_IGNORED;OCCURRENCE_STATUS_INFERRED_FROM_INDIVIDUAL_COUNT;COLLECTION_MATCH_NONE;INSTITUTION_MATCH_FUZZY;DIFFERENT_OWNER_INSTITUTION",
"4061996123	e053ff53-c156-4e2e-b9b5-4462e9625424	urn:catalog:MO:Tropicos:102054228	Plantae	Tracheophyta	Magnoliopsida	Caryophyllales	Nyctaginaceae	Bougainvillea	Bougainvillea modesta		SPECIES	Bougainvillea modesta Heimerl	Bougainvillea modesta Heimerl	Heimerl	BO	Area Natural de Manejo Integrado Madidi", Unapa," 21 km en linea recta al N de Apolo. Bosque yungueÃ±o subandino xerico con Anadenanthera colubrina.	La Paz	PRESENT	1	90fd6680-349f-11d8-aa2d-b8a03c50a862	-14.542222	-68.495			970.0				2004-09-02	2	9	2004	5553603	5553603	PRESERVED_SPECIMEN	NY	Tropicos	102054228	811	L. Cayola (LPB)"," OCT/	2004-01-01T00:00:00	CC_BY_4_0	Missouri Botanical Garden	Leslie E. Cayola;A. Antezana;F. Miranda;C. Cuevas;D. Cuevas;et al.			2025-01-25T18:16:53.975Z		COORDINATE_ROUNDED;GEODETIC_DATUM_ASSUMED_WGS84;TAXON_MATCH_TAXON_ID_IGNORED;OCCURRENCE_STATUS_INFERRED_FROM_INDIVIDUAL_COUNT;COLLECTION_MATCH_NONE;INSTITUTION_MATCH_FUZZY;DIFFERENT_OWNER_INSTITUTION",,
"4061799299	e053ff53-c156-4e2e-b9b5-4462e9625424	urn:catalog:MO:Tropicos:103051399	Plantae	Tracheophyta	Magnoliopsida	Caryophyllales	Nyctaginaceae	Bougainvillea	Bougainvillea modesta		SPECIES	Bougainvillea modesta Heimerl	Bougainvillea modesta Heimerl	Heimerl	BO	Norte de Triunfo"," Cadi.	Beni	PRESENT	1	90fd6680-349f-11d8-aa2d-b8a03c50a862					240.0				1976-08-27	27	8	1976	5553603	5553603	PRESERVED_SPECIMEN	BOLV	Tropicos	103051399	138	M. H. Nee	2018-01-01T00:00:00	CC_BY_4_0	Missouri Botanical Garden	Elias Meneces;Waldo Terceros			2025-01-25T18:15:27.518Z		TAXON_MATCH_TAXON_ID_IGNORED;OCCURRENCE_STATUS_INFERRED_FROM_INDIVIDUAL_COUNT;COLLECTION_MATCH_NONE;INSTITUTION_MATCH_FUZZY;DIFFERENT_OWNER_INSTITUTION",,,,
"4061592265	e053ff53-c156-4e2e-b9b5-4462e9625424	urn:catalog:MO:Tropicos:102283298	Plantae	Tracheophyta	Magnoliopsida	Caryophyllales	Nyctaginaceae	Bougainvillea	Bougainvillea modesta		SPECIES	Bougainvillea modesta Heimerl	Bougainvillea modesta Heimerl	Heimerl	BO	Ãrea Natural de Manejo Integrado Madidi", Machariapo," LimÃ³n.	La Paz	PRESENT	7	90fd6680-349f-11d8-aa2d-b8a03c50a862	-14.494722	-68.509167			740.0				2006-09-17	17	9	2006	5553603	5553603	PRESERVED_SPECIMEN	BOLV	Tropicos	102283298	2944	A. Araujo-M. (LPB)	2006-01-01T00:00:00	CC_BY_4_0	Missouri Botanical Garden	Alejandro Araujo M.;Christopher Davidson;Sharon R. Christoph;Paola Gismondi;M. Cornejo;E. Ticona			2025-01-25T18:16:56.466Z		COORDINATE_ROUNDED;GEODETIC_DATUM_ASSUMED_WGS84;TAXON_MATCH_TAXON_ID_IGNORED;OCCURRENCE_STATUS_INFERRED_FROM_INDIVIDUAL_COUNT;COLLECTION_MATCH_NONE;INSTITUTION_MATCH_FUZZY;DIFFERENT_OWNER_INSTITUTION",,,
"4061555249	e053ff53-c156-4e2e-b9b5-4462e9625424	urn:catalog:MO:Tropicos:102228944	Plantae	Tracheophyta	Magnoliopsida	Caryophyllales	Nyctaginaceae	Bougainvillea	Bougainvillea modesta		SPECIES	Bougainvillea modesta Heimerl	Bougainvillea modesta Heimerl	Heimerl	BO	Ãrea Natural de Manejo Integrado Madidi", Azariamas," frente al arroyo Jaukantista.  Terraza antigua. Plantas NO alcoholizadas.	La Paz	PRESENT	4	90fd6680-349f-11d8-aa2d-b8a03c50a862	-14.235	-68.527778			656.0				2005-09-29	29	9	2005	5553603	5553603	PRESERVED_SPECIMEN	USZ	Tropicos	102228944	1828	M. H. Nee	2018-01-01T00:00:00	CC_BY_4_0	Missouri Botanical Garden	Leslie E. Cayola;C. Campos;A.S. Poma C.;Remberto Jove;H. Urbano			2025-01-25T18:16:56.239Z		COORDINATE_ROUNDED;GEODETIC_DATUM_ASSUMED_WGS84;TAXON_MATCH_TAXON_ID_IGNORED;OCCURRENCE_STATUS_INFERRED_FROM_INDIVIDUAL_COUNT;COLLECTION_MATCH_NONE;INSTITUTION_MATCH_FUZZY;DIFFERENT_OWNER_INSTITUTION",,,
"4061543529	e053ff53-c156-4e2e-b9b5-4462e9625424	urn:catalog:MO:Tropicos:102283300	Plantae	Tracheophyta	Magnoliopsida	Caryophyllales	Nyctaginaceae	Bougainvillea	Bougainvillea modesta		SPECIES	Bougainvillea modesta Heimerl	Bougainvillea modesta Heimerl	Heimerl	BO	Ãrea Natural de Manejo Integrado Madidi", Machariapo," LimÃ³n.	La Paz	PRESENT	7	90fd6680-349f-11d8-aa2d-b8a03c50a862	-14.494722	-68.509167			740.0				2006-09-17	17	9	2006	5553603	5553603	PRESERVED_SPECIMEN	MA	Tropicos	102283300	2944	A. Araujo-M. (LPB)	2006-01-01T00:00:00	CC_BY_4_0	Missouri Botanical Garden	Alejandro Araujo M.;Christopher Davidson;Sharon R. Christoph;Paola Gismondi;M. Cornejo;E. Ticona			2025-01-25T18:15:15.408Z		COORDINATE_ROUNDED;GEODETIC_DATUM_ASSUMED_WGS84;TAXON_MATCH_TAXON_ID_IGNORED;OCCURRENCE_STATUS_INFERRED_FROM_INDIVIDUAL_COUNT;INSTITUTION_MATCH_NONE",,,
"4061518677	e053ff53-c156-4e2e-b9b5-4462e9625424	urn:catalog:MO:Tropicos:102158383	Plantae	Tracheophyta	Magnoliopsida	Caryophyllales	Nyctaginaceae	Bougainvillea	Bougainvillea modesta		SPECIES	Bougainvillea modesta Heimerl	Bougainvillea modesta Heimerl	Heimerl	BO	near Coroico	La Paz	PRESENT	1	90fd6680-349f-11d8-aa2d-b8a03c50a862									1894-08-24	24	8	1894	5553603	5553603	PRESERVED_SPECIMEN	W	Tropicos	102158383	2398	Foster's 1958 catalog notes file		CC_BY_4_0	Missouri Botanical Garden	Miguel Bang	HOLOTYPE		2025-01-25T18:16:49.133Z		TAXON_MATCH_TAXON_ID_IGNORED;OCCURRENCE_STATUS_INFERRED_FROM_INDIVIDUAL_COUNT;COLLECTION_MATCH_NONE;INSTITUTION_MATCH_FUZZY;DIFFERENT_OWNER_INSTITUTION",,,,,
"4061496481	e053ff53-c156-4e2e-b9b5-4462e9625424	urn:catalog:MO:Tropicos:102158387	Plantae	Tracheophyta	Magnoliopsida	Caryophyllales	Nyctaginaceae	Bougainvillea	Bougainvillea modesta		SPECIES	Bougainvillea modesta Heimerl	Bougainvillea modesta Heimerl	Heimerl	BO	near Coroico	La Paz	PRESENT	1	90fd6680-349f-11d8-aa2d-b8a03c50a862									1894-08-24	24	8	1894	5553603	5553603	PRESERVED_SPECIMEN	US	Tropicos	102158387	2398	Foster's 1958 catalog notes file		CC_BY_4_0	Missouri Botanical Garden	Miguel Bang	ISOTYPE		2025-01-25T18:15:13.463Z		TAXON_MATCH_TAXON_ID_IGNORED;OCCURRENCE_STATUS_INFERRED_FROM_INDIVIDUAL_COUNT;AMBIGUOUS_INSTITUTION",,,,,
"4061354378	e053ff53-c156-4e2e-b9b5-4462e9625424	urn:catalog:MO:Tropicos:101866654	Plantae	Tracheophyta	Magnoliopsida	Caryophyllales	Nyctaginaceae	Bougainvillea	Bougainvillea modesta		SPECIES	Bougainvillea modesta Heimerl	Bougainvillea modesta Heimerl	Heimerl	BO	The llanura"," at the Jardin Botanico de Santa Cruz	Santa Cruz	PRESENT	1	90fd6680-349f-11d8-aa2d-b8a03c50a862	-17.766667	-63.066667			375.0				1987-09-04	4	9	1987	5553603	5553603	PRESERVED_SPECIMEN	NY	Tropicos	101866654	35897	M. H. Nee	2018-01-01T00:00:00	CC_BY_4_0	Missouri Botanical Garden	Michael H. Nee			2025-01-25T18:15:10.029Z		COORDINATE_ROUNDED;GEODETIC_DATUM_ASSUMED_WGS84;TAXON_MATCH_TAXON_ID_IGNORED;OCCURRENCE_STATUS_INFERRED_FROM_INDIVIDUAL_COUNT;COLLECTION_MATCH_NONE;INSTITUTION_MATCH_FUZZY;DIFFERENT_OWNER_INSTITUTION",,,,
"4061323502	e053ff53-c156-4e2e-b9b5-4462e9625424	urn:catalog:MO:Tropicos:101754327	Plantae	Tracheophyta	Magnoliopsida	Caryophyllales	Nyctaginaceae	Bougainvillea	Bougainvillea modesta		SPECIES	Bougainvillea modesta Heimerl	Bougainvillea modesta Heimerl	Heimerl	BO	Lomerio. 12 km al Norte de la comunidad Las Trancas. Parcelas permamente del proyecto Bolfor", Las Trancas 95. Bosque seco chiquitania. Especies muy frecuentes de Andenanthera colubrina, Poeppigia procera, Centrolobium microchaete," etc. Suelos laterÃ­ticos.	Santa Cruz	PRESENT	1	90fd6680-349f-11d8-aa2d-b8a03c50a862	-16.520278	-61.846389			450.0				1995-09-10	10	9	1995	5553603	5553603	PRESERVED_SPECIMEN	NY	Tropicos	101754327	986	M. H. Nee	2018-01-01T00:00:00	CC_BY_4_0	Missouri Botanical Garden	Fabiana Mamani M.			2025-01-25T18:16:50.884Z		COORDINATE_ROUNDED;GEODETIC_DATUM_ASSUMED_WGS84;TAXON_MATCH_TAXON_ID_IGNORED;OCCURRENCE_STATUS_INFERRED_FROM_INDIVIDUAL_COUNT;COLLECTION_MATCH_NONE;INSTITUTION_MATCH_FUZZY;DIFFERENT_OWNER_INSTITUTION",
"4061312536	e053ff53-c156-4e2e-b9b5-4462e9625424	urn:catalog:MO:Tropicos:101754325	Plantae	Tracheophyta	Magnoliopsida	Caryophyllales	Nyctaginaceae	Bougainvillea	Bougainvillea modesta		SPECIES	Bougainvillea modesta Heimerl	Bougainvillea modesta Heimerl	Heimerl	BO	Lomerio. 12 km al Norte de la comunidad Las Trancas. Parcelas permamente del proyecto Bolfor", Las Trancas 95. Bosque seco chiquitania. Especies muy frecuentes de Andenanthera colubrina, Poeppigia procera, Centrolobium microchaete," etc. Suelos laterÃ­ticos.	Santa Cruz	PRESENT	1	90fd6680-349f-11d8-aa2d-b8a03c50a862	-16.520278	-61.846389			450.0				1995-09-10	10	9	1995	5553603	5553603	PRESERVED_SPECIMEN	USZ	Tropicos	101754325	986	M. H. Nee	2018-01-01T00:00:00	CC_BY_4_0	Missouri Botanical Garden	Fabiana Mamani M.			2025-01-25T18:16:51.242Z		COORDINATE_ROUNDED;GEODETIC_DATUM_ASSUMED_WGS84;TAXON_MATCH_TAXON_ID_IGNORED;OCCURRENCE_STATUS_INFERRED_FROM_INDIVIDUAL_COUNT;COLLECTION_MATCH_NONE;INSTITUTION_MATCH_FUZZY;DIFFERENT_OWNER_INSTITUTION",
"4061302323	e053ff53-c156-4e2e-b9b5-4462e9625424	urn:catalog:MO:Tropicos:101837531	Plantae	Tracheophyta	Magnoliopsida	Caryophyllales	Nyctaginaceae	Bougainvillea	Bougainvillea modesta		SPECIES	Bougainvillea modesta Heimerl	Bougainvillea modesta Heimerl	Heimerl	BO	Espiritu"," en la zona de influencia del Rio Yacuma	Beni	PRESENT	1	90fd6680-349f-11d8-aa2d-b8a03c50a862	-14.2	-66.616667			200.0				1986-09-10	10	9	1986	5553603	5553603	PRESERVED_SPECIMEN	CTES	Tropicos	101837531	5976	M. H. Nee	2018-01-01T00:00:00	CC_BY_4_0	Missouri Botanical Garden	Stephan G. Beck			2025-01-25T18:15:09.733Z		GEODETIC_DATUM_ASSUMED_WGS84;TAXON_MATCH_TAXON_ID_IGNORED;OCCURRENCE_STATUS_INFERRED_FROM_INDIVIDUAL_COUNT;COLLECTION_MATCH_NONE;INSTITUTION_MATCH_FUZZY;DIFFERENT_OWNER_INSTITUTION",,,,
"4061290449	e053ff53-c156-4e2e-b9b5-4462e9625424	urn:catalog:MO:Tropicos:103051401	Plantae	Tracheophyta	Magnoliopsida	Caryophyllales	Nyctaginaceae	Bougainvillea	Bougainvillea modesta		SPECIES	Bougainvillea modesta Heimerl	Bougainvillea modesta Heimerl	Heimerl	BO	Norte de Triunfo"," Cadi.	Beni	PRESENT	1	90fd6680-349f-11d8-aa2d-b8a03c50a862					240.0				1976-08-27	27	8	1976	5553603	5553603	PRESERVED_SPECIMEN	NY	Tropicos	103051401	138	M. H. Nee	2018-01-01T00:00:00	CC_BY_4_0	Missouri Botanical Garden	Elias Meneces;Waldo Terceros			2025-01-25T18:15:23.893Z		TAXON_MATCH_TAXON_ID_IGNORED;OCCURRENCE_STATUS_INFERRED_FROM_INDIVIDUAL_COUNT;COLLECTION_MATCH_NONE;INSTITUTION_MATCH_FUZZY;DIFFERENT_OWNER_INSTITUTION",,,,
"4061274260	e053ff53-c156-4e2e-b9b5-4462e9625424	urn:catalog:MO:Tropicos:101754324	Plantae	Tracheophyta	Magnoliopsida	Caryophyllales	Nyctaginaceae	Bougainvillea	Bougainvillea modesta		SPECIES	Bougainvillea modesta Heimerl	Bougainvillea modesta Heimerl	Heimerl	BO	Lomerio. 12 km al Norte de la comunidad Las Trancas. Parcelas permamente del proyecto Bolfor", Las Trancas 95. Bosque seco chiquitania. Especies muy frecuentes de Andenanthera colubrina, Poeppigia procera, Centrolobium microchaete," etc. Suelos laterÃ­ticos.	Santa Cruz	PRESENT	1	90fd6680-349f-11d8-aa2d-b8a03c50a862	-16.520278	-61.846389			450.0				1995-09-10	10	9	1995	5553603	5553603	PRESERVED_SPECIMEN	AAU	Tropicos	101754324	986	M. H. Nee	2018-01-01T00:00:00	CC_BY_4_0	Missouri Botanical Garden	Fabiana Mamani M.			2025-01-25T18:15:07.998Z		COORDINATE_ROUNDED;GEODETIC_DATUM_ASSUMED_WGS84;TAXON_MATCH_TAXON_ID_IGNORED;OCCURRENCE_STATUS_INFERRED_FROM_INDIVIDUAL_COUNT;COLLECTION_MATCH_NONE;INSTITUTION_MATCH_FUZZY;DIFFERENT_OWNER_INSTITUTION",
"4032119304	7bd65a7a-f762-11e1-a439-00145eb45e9a	urn:catalog:MO:Tropicos:102283301	Plantae	Tracheophyta	Magnoliopsida	Caryophyllales	Nyctaginaceae	Bougainvillea	Bougainvillea modesta		SPECIES	Bougainvillea modesta Heimerl	Bougainvillea modesta Heimerl	Heimerl	BO	Ãrea Natural de Manejo Integrado Madidi", Machariapo," LimÃ³n.	La Paz	PRESENT	7	90fd6680-349f-11d8-aa2d-b8a03c50a862	-14.494722	-68.509167			740.0				2006-09-17	17	9	2006	5553603	5553603	PRESERVED_SPECIMEN	MO	Tropicos	102283301	2944	A. Araujo-M. (LPB)	2006-01-01T00:00:00	CC_BY_4_0	Missouri Botanical Garden	Alejandro Araujo M.;Christopher Davidson;Sharon R. Christoph;Paola Gismondi;M. Cornejo;E. Ticona			2025-01-25T19:30:24.081Z		COORDINATE_ROUNDED;GEODETIC_DATUM_ASSUMED_WGS84;TAXON_MATCH_TAXON_ID_IGNORED;OCCURRENCE_STATUS_INFERRED_FROM_INDIVIDUAL_COUNT;COLLECTION_MATCH_NONE;INSTITUTION_MATCH_FUZZY",,,
"4032001322	7bd65a7a-f762-11e1-a439-00145eb45e9a	urn:catalog:MO:Tropicos:102228945	Plantae	Tracheophyta	Magnoliopsida	Caryophyllales	Nyctaginaceae	Bougainvillea	Bougainvillea modesta		SPECIES	Bougainvillea modesta Heimerl	Bougainvillea modesta Heimerl	Heimerl	BO	Ãrea Natural de Manejo Integrado Madidi", Azariamas," frente al arroyo Jaukantista.  Terraza antigua. Plantas NO alcoholizadas.	La Paz	PRESENT	4	90fd6680-349f-11d8-aa2d-b8a03c50a862	-14.235	-68.527778			656.0				2005-09-29	29	9	2005	5553603	5553603	PRESERVED_SPECIMEN	MO	Tropicos	102228945	1828	M. H. Nee	2018-01-01T00:00:00	CC_BY_4_0	Missouri Botanical Garden	Leslie E. Cayola;C. Campos;A.S. Poma C.;Remberto Jove;H. Urbano			2025-01-25T19:28:12.018Z		COORDINATE_ROUNDED;GEODETIC_DATUM_ASSUMED_WGS84;TAXON_MATCH_TAXON_ID_IGNORED;OCCURRENCE_STATUS_INFERRED_FROM_INDIVIDUAL_COUNT;COLLECTION_MATCH_NONE;INSTITUTION_MATCH_FUZZY",,,
"4031959704	7bd65a7a-f762-11e1-a439-00145eb45e9a	urn:catalog:MO:Tropicos:102054227	Plantae	Tracheophyta	Magnoliopsida	Caryophyllales	Nyctaginaceae	Bougainvillea	Bougainvillea modesta		SPECIES	Bougainvillea modesta Heimerl	Bougainvillea modesta Heimerl	Heimerl	BO	Area Natural de Manejo Integrado Madidi", Unapa," 21 km en linea recta al N de Apolo. Bosque yungueÃ±o subandino xerico con Anadenanthera colubrina.	La Paz	PRESENT	1	90fd6680-349f-11d8-aa2d-b8a03c50a862	-14.542222	-68.495			970.0				2004-09-02	2	9	2004	5553603	5553603	PRESERVED_SPECIMEN	MO	Tropicos	102054227	811	L. Cayola (LPB)"," OCT/	2004-01-01T00:00:00	CC_BY_4_0	Missouri Botanical Garden	Leslie E. Cayola;A. Antezana;F. Miranda;C. Cuevas;D. Cuevas;et al.			2025-01-25T19:30:23.179Z		COORDINATE_ROUNDED;GEODETIC_DATUM_ASSUMED_WGS84;TAXON_MATCH_TAXON_ID_IGNORED;OCCURRENCE_STATUS_INFERRED_FROM_INDIVIDUAL_COUNT;COLLECTION_MATCH_NONE;INSTITUTION_MATCH_FUZZY",,
"4031901703	7bd65a7a-f762-11e1-a439-00145eb45e9a	urn:catalog:MO:Tropicos:101837535	Plantae	Tracheophyta	Magnoliopsida	Caryophyllales	Nyctaginaceae	Bougainvillea	Bougainvillea modesta		SPECIES	Bougainvillea modesta Heimerl	Bougainvillea modesta Heimerl	Heimerl	BO	Espiritu"," Influencia del rÃ­o Yacuma. Sabana hÃºmeda.	Beni	PRESENT	1	90fd6680-349f-11d8-aa2d-b8a03c50a862					200.0				1986-09-14	14	9	1986	5553603	5553603	PRESERVED_SPECIMEN	MO	Tropicos	101837535	15002	M. H. Nee	2018-01-01T00:00:00	CC_BY_4_0	Missouri Botanical Garden	Stephan G. Beck			2025-01-25T19:28:09.026Z		TAXON_MATCH_TAXON_ID_IGNORED;OCCURRENCE_STATUS_INFERRED_FROM_INDIVIDUAL_COUNT;COLLECTION_MATCH_NONE;INSTITUTION_MATCH_FUZZY",,,,
"4031866764	7bd65a7a-f762-11e1-a439-00145eb45e9a	urn:catalog:MO:Tropicos:101754326	Plantae	Tracheophyta	Magnoliopsida	Caryophyllales	Nyctaginaceae	Bougainvillea	Bougainvillea modesta		SPECIES	Bougainvillea modesta Heimerl	Bougainvillea modesta Heimerl	Heimerl	BO	Lomerio. 12 km al Norte de la comunidad Las Trancas. Parcelas permamente del proyecto Bolfor", Las Trancas 95. Bosque seco chiquitania. Especies muy frecuentes de Andenanthera colubrina, Poeppigia procera, Centrolobium microchaete," etc. Suelos laterÃ­ticos.	Santa Cruz	PRESENT	1	90fd6680-349f-11d8-aa2d-b8a03c50a862	-16.520278	-61.846389			450.0				1995-09-10	10	9	1995	5553603	5553603	PRESERVED_SPECIMEN	MO	Tropicos	101754326	986	M. H. Nee	2018-01-01T00:00:00	CC_BY_4_0	Missouri Botanical Garden	Fabiana Mamani M.			2025-01-25T19:28:07.957Z		COORDINATE_ROUNDED;GEODETIC_DATUM_ASSUMED_WGS84;TAXON_MATCH_TAXON_ID_IGNORED;OCCURRENCE_STATUS_INFERRED_FROM_INDIVIDUAL_COUNT;COLLECTION_MATCH_NONE;INSTITUTION_MATCH_FUZZY",
"4031690622	7bd65a7a-f762-11e1-a439-00145eb45e9a	urn:catalog:MO:Tropicos:102658450	Plantae	Tracheophyta	Magnoliopsida	Caryophyllales	Nyctaginaceae	Bougainvillea	Bougainvillea modesta		SPECIES	Bougainvillea modesta Heimerl	Bougainvillea modesta Heimerl	Heimerl	BO	Parque Nacional Madidi", sector  Sumpulo, pasando el rÃ­o Mojos," entre Mojos y Pata.	La Paz	PRESENT	4	90fd6680-349f-11d8-aa2d-b8a03c50a862	-14.583611	-68.774167			1090.0				2009-09-26	26	9	2009	5553603	5553603	PRESERVED_SPECIMEN	MO	Tropicos	102658450	15295	A. Fuentes (LPB)	2015-01-01T00:00:00	CC_BY_4_0	Missouri Botanical Garden	Alfredo F. Fuentes;R. Lipa;Saul Cusi;D. Alanes;et al.			2025-01-25T19:30:27.699Z		COORDINATE_ROUNDED;GEODETIC_DATUM_ASSUMED_WGS84;TAXON_MATCH_TAXON_ID_IGNORED;OCCURRENCE_STATUS_INFERRED_FROM_INDIVIDUAL_COUNT;COLLECTION_MATCH_NONE;INSTITUTION_MATCH_FUZZY",,
"4031564101	7bd65a7a-f762-11e1-a439-00145eb45e9a	urn:catalog:MO:Tropicos:102158385	Plantae	Tracheophyta	Magnoliopsida	Caryophyllales	Nyctaginaceae	Bougainvillea	Bougainvillea modesta		SPECIES	Bougainvillea modesta Heimerl	Bougainvillea modesta Heimerl	Heimerl	BO	near Coroico	La Paz	PRESENT	1	90fd6680-349f-11d8-aa2d-b8a03c50a862									1894-08-24	24	8	1894	5553603	5553603	PRESERVED_SPECIMEN	MO	Tropicos	102158385	2398	Foster's 1958 catalog notes file		CC_BY_4_0	Missouri Botanical Garden	Miguel Bang	ISOTYPE		2025-01-25T19:30:23.855Z	StillImage	TAXON_MATCH_TAXON_ID_IGNORED;OCCURRENCE_STATUS_INFERRED_FROM_INDIVIDUAL_COUNT;COLLECTION_MATCH_NONE;INSTITUTION_MATCH_FUZZY",,,,,
"4031496170	7bd65a7a-f762-11e1-a439-00145eb45e9a	urn:catalog:MO:Tropicos:101866653	Plantae	Tracheophyta	Magnoliopsida	Caryophyllales	Nyctaginaceae	Bougainvillea	Bougainvillea modesta		SPECIES	Bougainvillea modesta Heimerl	Bougainvillea modesta Heimerl	Heimerl	BO	The llanura"," at the Jardin Botanico de Santa Cruz	Santa Cruz	PRESENT	1	90fd6680-349f-11d8-aa2d-b8a03c50a862	-17.766667	-63.066667			375.0				1987-09-04	4	9	1987	5553603	5553603	PRESERVED_SPECIMEN	MO	Tropicos	101866653	35897	M. H. Nee	2018-01-01T00:00:00	CC_BY_4_0	Missouri Botanical Garden	Michael H. Nee			2025-01-25T19:30:21.272Z		COORDINATE_ROUNDED;GEODETIC_DATUM_ASSUMED_WGS84;TAXON_MATCH_TAXON_ID_IGNORED;OCCURRENCE_STATUS_INFERRED_FROM_INDIVIDUAL_COUNT;COLLECTION_MATCH_NONE;INSTITUTION_MATCH_FUZZY",,,,
"4031490684	7bd65a7a-f762-11e1-a439-00145eb45e9a	urn:catalog:MO:Tropicos:101837529	Plantae	Tracheophyta	Magnoliopsida	Caryophyllales	Nyctaginaceae	Bougainvillea	Bougainvillea modesta		SPECIES	Bougainvillea modesta Heimerl	Bougainvillea modesta Heimerl	Heimerl	BO	Espiritu"," en la zona de influencia del Rio Yacuma	Beni	PRESENT	1	90fd6680-349f-11d8-aa2d-b8a03c50a862	-14.2	-66.616667			200.0				1986-09-10	10	9	1986	5553603	5553603	PRESERVED_SPECIMEN	MO	Tropicos	101837529	5976	M. H. Nee	2018-01-01T00:00:00	CC_BY_4_0	Missouri Botanical Garden	Stephan G. Beck			2025-01-25T19:30:21.119Z		GEODETIC_DATUM_ASSUMED_WGS84;TAXON_MATCH_TAXON_ID_IGNORED;OCCURRENCE_STATUS_INFERRED_FROM_INDIVIDUAL_COUNT;COLLECTION_MATCH_NONE;INSTITUTION_MATCH_FUZZY",,,,
"4031480448	7bd65a7a-f762-11e1-a439-00145eb45e9a	urn:catalog:MO:Tropicos:101823856	Plantae	Tracheophyta	Magnoliopsida	Caryophyllales	Nyctaginaceae	Bougainvillea	Bougainvillea modesta		SPECIES	Bougainvillea modesta Heimerl	Bougainvillea modesta Heimerl	Heimerl	BO	Prov. Angel Sandoval", ANMI-San Matias; Estancia Vista Hermosa. A 170 km SE de RoborÃ©. VegetaciÃ³n arbustiva cerca a la laguna. Suelo arcillo arenoso, area inundada," dominancia de Copernicia alba en los margenes de la laguna.	Santa Cruz	PRESENT	1	90fd6680-349f-11d8-aa2d-b8a03c50a862	-17.5	-65.783333			110.0				1999-09-19	19	9	1999	5553603	5553603	PRESERVED_SPECIMEN	MO	Tropicos	101823856	810	M. H. Nee	2018-01-01T00:00:00	CC_BY_4_0	Missouri Botanical Garden	A.M. CarriÃ³n;E. Rivera			2025-01-25T19:28:08.826Z		COORDINATE_ROUNDED;GEODETIC_DATUM_ASSUMED_WGS84;TAXON_MATCH_TAXON_ID_IGNORED;OCCURRENCE_STATUS_INFERRED_FROM_INDIVIDUAL_COUNT;COLLECTION_MATCH_NONE;INSTITUTION_MATCH_FUZZY",,
"4031396524	7bd65a7a-f762-11e1-a439-00145eb45e9a	urn:catalog:MO:Tropicos:103051400	Plantae	Tracheophyta	Magnoliopsida	Caryophyllales	Nyctaginaceae	Bougainvillea	Bougainvillea modesta		SPECIES	Bougainvillea modesta Heimerl	Bougainvillea modesta Heimerl	Heimerl	BO	Norte de Triunfo"," Cadi.	Beni	PRESENT	1	90fd6680-349f-11d8-aa2d-b8a03c50a862					240.0				1976-08-27	27	8	1976	5553603	5553603	PRESERVED_SPECIMEN	MO	Tropicos	103051400	138	M. H. Nee	2018-01-01T00:00:00	CC_BY_4_0	Missouri Botanical Garden	Elias Meneces;Waldo Terceros			2025-01-25T19:30:35.155Z		TAXON_MATCH_TAXON_ID_IGNORED;OCCURRENCE_STATUS_INFERRED_FROM_INDIVIDUAL_COUNT;COLLECTION_MATCH_NONE;INSTITUTION_MATCH_FUZZY",,,,
"2998339144	ebed4456-76d2-408c-8467-fd66be066521	2797917	Plantae	Tracheophyta	Magnoliopsida	Caryophyllales	Nyctaginaceae	Bougainvillea	Bougainvillea modesta		SPECIES	Bougainvillea modesta Heimerl	Bougainvillea modesta Heimerl	Heimerl				PRESENT		838537fc-4aeb-4980-8b58-97fbdcd1d91a									1897-09		9	1897	5553603	5553603	PRESERVED_SPECIMEN	K	K	K000572703	2398			CC_BY_4_0	K	Bang"," M.			2025-01-01T12:18:13.686Z		RECORDED_DATE_INVALID;IDENTIFIED_DATE_INVALID;INSTITUTION_MATCH_FUZZY;COLLECTION_MATCH_FUZZY",,,,
"2995712137	c0a459c6-2ae7-4890-a1e4-38e24e671269	5231336	Plantae	Tracheophyta	Magnoliopsida	Caryophyllales	Nyctaginaceae	Bougainvillea	Bougainvillea modesta		SPECIES	Bougainvillea modesta Heimerl	Bougainvillea modesta Heimerl	Heimerl	BR	S.P. PrÃ³ximo a Interlagos.	SÃ£o Paulo	PRESENT		838537fc-4aeb-4980-8b58-97fbdcd1d91a									1947-09-02	2	9	1947	5553603	5553603	PRESERVED_SPECIMEN	MO	MO	MO1195578	s.n.	F. Mamani (USZ)	1996-01-01T00:00:00	CC_BY_4_0	MO	Wilson Hoehne			2025-01-01T12:06:27.793Z		CONTINENT_DERIVED_FROM_COUNTRY;RECORDED_DATE_INVALID;AMBIGUOUS_COLLECTION;INSTITUTION_MATCH_FUZZY",,,,,
"2814579340	96c33790-a2b5-11de-9f79-b8a03c50a862	HAST-50281	Plantae	Tracheophyta	Magnoliopsida	Caryophyllales	Nyctaginaceae	Bougainvillea	Bougainvillea modesta		SPECIES	Bougainvillea modesta Heimerl	Bougainvillea modesta Heimerl		BO			PRESENT		7050ce20-c75e-11dd-87ef-b8a03c50a862	-18.17	-63.53							1990-09-05	5	9	1990	5553603	5553603	PRESERVED_SPECIMEN	HAST	HAST-50281	50281				CC_BY_NC_4_0	Biodiversity Research Center", Academia Sinica Nankang, Taipei," TAIWAN	Marko Lewis			2024-01-24T22:38:18.166Z		GEODETIC_DATUM_ASSUMED_WGS84;COUNTRY_DERIVED_FROM_COORDINATES;CONTINENT_DERIVED_FROM_COORDINATES;COLLECTION_MATCH_NONE;INSTITUTION_MATCH_FUZZY",,
"2268945647	e053ff53-c156-4e2e-b9b5-4462e9625424	urn:catalog:MO:Tropicos:101048435	Plantae	Tracheophyta	Magnoliopsida	Caryophyllales	Nyctaginaceae	Bougainvillea	Bougainvillea modesta		SPECIES	Bougainvillea modesta Heimerl	Bougainvillea modesta Heimerl	Heimerl	BO	Norte de Triunfo"," Cadi.	Beni	PRESENT	1	90fd6680-349f-11d8-aa2d-b8a03c50a862					240.0				1976-08-27	27	8	1976	5553603	5553603	PRESERVED_SPECIMEN	F	Tropicos	101048435	138	M. H. Nee	2018-01-01T00:00:00	CC_BY_4_0	Missouri Botanical Garden	Elias Meneces;Waldo Terceros			2025-01-25T18:16:41.077Z		TAXON_MATCH_TAXON_ID_IGNORED;OCCURRENCE_STATUS_INFERRED_FROM_INDIVIDUAL_COUNT;COLLECTION_MATCH_NONE;INSTITUTION_MATCH_FUZZY;DIFFERENT_OWNER_INSTITUTION",,,,
"2268943920	7bd65a7a-f762-11e1-a439-00145eb45e9a	urn:catalog:MO:Tropicos:101048433	Plantae	Tracheophyta	Magnoliopsida	Caryophyllales	Nyctaginaceae	Bougainvillea	Bougainvillea modesta		SPECIES	Bougainvillea modesta Heimerl	Bougainvillea modesta Heimerl	Heimerl	BO	Trinidad-Missiones Guarayos.	Beni	PRESENT	1	90fd6680-349f-11d8-aa2d-b8a03c50a862					250.0				1926-09		9	1926	5553603	5553603	PRESERVED_SPECIMEN	MO	Tropicos	101048433	1546	M. H. Nee	2018-01-01T00:00:00	CC_BY_4_0	Missouri Botanical Garden	Erich Werdermann			2025-01-25T19:27:56.208Z		TAXON_MATCH_TAXON_ID_IGNORED;OCCURRENCE_STATUS_INFERRED_FROM_INDIVIDUAL_COUNT;COLLECTION_MATCH_NONE;INSTITUTION_MATCH_FUZZY",,,,,
"1989341765	c8d12f8a-7e39-4e2c-92d7-825d590ad15b	c666624d-b2b3-4187-bb52-66a2a67d2844	Plantae	Tracheophyta	Magnoliopsida	Caryophyllales	Nyctaginaceae	Bougainvillea	Bougainvillea modesta		SPECIES	Bougainvillea modesta Heimerl	Bougainvillea modesta	Heimerl	BO	Near Coroico		PRESENT		174c6da2-e002-42fe-9f56-2f9d670240f4									1894-08-24	24	8	1894	5553603	5553603	PRESERVED_SPECIMEN	MICH	Angiosperms	1115347	2398			CC_BY_NC_4_0		Miguel Bang	ISOTYPE		2025-01-02T19:34:46.583Z	StillImage	",,,,,
"1936238007	834c9918-f762-11e1-a439-00145eb45e9a	64f1ff7b-20fe-11e3-9e2e-000c29035824	Plantae	Tracheophyta	Magnoliopsida	Caryophyllales	Nyctaginaceae	Bougainvillea	Bougainvillea modesta		SPECIES	Bougainvillea modesta Heimerl	Bougainvillea modesta Heimerl	Heimerl	BO	La Paz: Franz Tamayo. Area Natural de Manejo Integrado Madidi", Machariapo," Limon	Provincia Franz Tamayo	PRESENT		0363cbd4-f666-455e-8e86-0bbddcf51950	-14.4947	-68.5092			740.0				2006-09-17	17	9	2006	5553603	5553603	PRESERVED_SPECIMEN	MA	MA	MA-01-00826907	2944	Alejandro Araujo-Murakami	2006-01-01T00:00:00	CC_BY_NC_4_0		A. Araujo-M.", C. Davidson, S. Davidson," P. Gismond			2024-04-09T06:13:12.587Z		GEODETIC_DATUM_ASSUMED_WGS84;CONTINENT_DERIVED_FROM_COORDINATES;TAXON_MATCH_TAXON_ID_IGNORED;INSTITUTION_MATCH_FUZZY;COLLECTION_MATCH_FUZZY"
"1929376403	d415c253-4d61-4459-9d25-4015b9084fb0	71d0e24d-0b68-442e-8c23-17a532f6ce8e	Plantae	Tracheophyta	Magnoliopsida	Caryophyllales	Nyctaginaceae	Bougainvillea	Bougainvillea modesta		SPECIES	Bougainvillea modesta Heimerl	Bougainvillea modesta Garden	Garden	BO	Coroico Yungas		PRESENT		ae447c50-b8a8-11d8-92a4-b8a03c50a862									1894-08-24	24	8	1894	5553603	5553603	PRESERVED_SPECIMEN	NY	NY	169740	2398			CC0_1_0	The New York Botanical Garden	M. Bang	ISOTYPE		2024-12-25T06:19:41.472Z	StillImage	MODIFIED_DATE_INVALID",,,,,
"1848895593	7b9a08ea-f762-11e1-a439-00145eb45e9a	http://id.snsb.info/snsb/collection/680273/742705/387106	Plantae	Tracheophyta	Magnoliopsida	Caryophyllales	Nyctaginaceae	Bougainvillea	Bougainvillea modesta		SPECIES	Bougainvillea modesta Heimerl	Bougainvillea modesta Heimerl		BO	Near Coroico.		PRESENT		0674aea0-a7e1-11d8-9534-b8a03c50a862									1894-08-24	24	8	1894	5553603	5553603	PRESERVED_SPECIMEN	M-VascularPlants	BSMvplantscoll	M-0274577 / 742705 / 387106				CC_BY_4_0		Bang"," M. (no. 2398)	ISOTYPE		2024-06-07T15:58:10.392Z	StillImage	CONTINENT_DERIVED_FROM_COUNTRY;REFERENCES_URI_INVALID;COLLECTION_MATCH_NONE;INSTITUTION_MATCH_FUZZY",,,,
"1261460922	7bd65a7a-f762-11e1-a439-00145eb45e9a	urn:catalog:MO:Tropicos:740259	Plantae	Tracheophyta	Magnoliopsida	Caryophyllales	Nyctaginaceae	Bougainvillea	Bougainvillea modesta		SPECIES	Bougainvillea modesta Heimerl	Bougainvillea modesta Heimerl	Heimerl	BO	""""""Angostura"""" - - Along the old road between Santa Cruz and Cochabamba where", coming from Santa Cruz," it first enters the deep canyon of Angostura. Ca 50 km SW of Santa Cruz.""	Santa Cruz	PRESENT	8	90fd6680-349f-11d8-aa2d-b8a03c50a862	-18.166667	-63.533333			600.0				1990-09-05	5	9	1990	5553603	5553603	PRESERVED_SPECIMEN	MO	Tropicos	740259	37519	M. H. Nee	2018-01-01T00:00:00	CC_BY_4_0	Missouri Botanical Garden	Marko Lewis			2025-01-25T19:26:04.585Z		COORDINATE_ROUNDED;GEODETIC_DATUM_ASSUMED_WGS84;TAXON_MATCH_TAXON_ID_IGNORED;OCCURRENCE_STATUS_INFERRED_FROM_INDIVIDUAL_COUNT;COLLECTION_MATCH_NONE;INSTITUTION_MATCH_FUZZY",,,
"1260465268	e053ff53-c156-4e2e-b9b5-4462e9625424	urn:catalog:MO:Tropicos:3084913	Plantae	Tracheophyta	Magnoliopsida	Caryophyllales	Nyctaginaceae	Bougainvillea	Bougainvillea modesta		SPECIES	Bougainvillea modesta Heimerl	Bougainvillea modesta Heimerl	Heimerl	BO	Ãrea Natural de Manejo Integrado Madidi", Machariapo," LimÃ³n.	La Paz	PRESENT	7	90fd6680-349f-11d8-aa2d-b8a03c50a862	-14.494722	-68.509167			740.0				2006-09-17	17	9	2006	5553603	5553603	PRESERVED_SPECIMEN	LPB	Tropicos	3084913	2944	A. Araujo-M. (LPB)	2006-01-01T00:00:00	CC_BY_4_0	Missouri Botanical Garden	Alejandro Araujo M.;Christopher Davidson;Sharon R. Christoph;Paola Gismondi;M. Cornejo;E. Ticona			2025-01-25T18:16:20.017Z		COORDINATE_ROUNDED;GEODETIC_DATUM_ASSUMED_WGS84;TAXON_MATCH_TAXON_ID_IGNORED;OCCURRENCE_STATUS_INFERRED_FROM_INDIVIDUAL_COUNT;COLLECTION_MATCH_NONE;INSTITUTION_MATCH_FUZZY;DIFFERENT_OWNER_INSTITUTION",,,
"1260239273	e053ff53-c156-4e2e-b9b5-4462e9625424	urn:catalog:MO:Tropicos:2880138	Plantae	Tracheophyta	Magnoliopsida	Caryophyllales	Nyctaginaceae	Bougainvillea	Bougainvillea modesta		SPECIES	Bougainvillea modesta Heimerl	Bougainvillea modesta Heimerl	Heimerl	BO	Ãrea Natural de Manejo Integrado Madidi", Azariamas," frente al arroyo Jaukantista.  Terraza antigua. Plantas NO alcoholizadas.	La Paz	PRESENT	4	90fd6680-349f-11d8-aa2d-b8a03c50a862	-14.235	-68.527778			656.0				2005-09-29	29	9	2005	5553603	5553603	PRESERVED_SPECIMEN	LPB	Tropicos	2880138	1828	M. H. Nee	2018-01-01T00:00:00	CC_BY_4_0	Missouri Botanical Garden	Leslie E. Cayola;C. Campos;A.S. Poma C.;Remberto Jove;H. Urbano			2025-01-25T18:14:27.894Z		COORDINATE_ROUNDED;GEODETIC_DATUM_ASSUMED_WGS84;TAXON_MATCH_TAXON_ID_IGNORED;OCCURRENCE_STATUS_INFERRED_FROM_INDIVIDUAL_COUNT;COLLECTION_MATCH_NONE;INSTITUTION_MATCH_FUZZY;DIFFERENT_OWNER_INSTITUTION",,,
"1260040476	e053ff53-c156-4e2e-b9b5-4462e9625424	urn:catalog:MO:Tropicos:2699327	Plantae	Tracheophyta	Magnoliopsida	Caryophyllales	Nyctaginaceae	Bougainvillea	Bougainvillea modesta		SPECIES	Bougainvillea modesta Heimerl	Bougainvillea modesta Heimerl	Heimerl	BO	near Coroico	La Paz	PRESENT	1	90fd6680-349f-11d8-aa2d-b8a03c50a862									1894-08-24	24	8	1894	5553603	5553603	PRESERVED_SPECIMEN	F	Tropicos	2699327	2398	Foster's 1958 catalog notes file		CC_BY_4_0	Missouri Botanical Garden	Miguel Bang	ISOTYPE		2025-01-25T18:16:16.656Z		TAXON_MATCH_TAXON_ID_IGNORED;OCCURRENCE_STATUS_INFERRED_FROM_INDIVIDUAL_COUNT;COLLECTION_MATCH_NONE;INSTITUTION_MATCH_FUZZY;DIFFERENT_OWNER_INSTITUTION",,,,,
"1259443899	e053ff53-c156-4e2e-b9b5-4462e9625424	urn:catalog:MO:Tropicos:2158289	Plantae	Tracheophyta	Magnoliopsida	Caryophyllales	Nyctaginaceae	Bougainvillea	Bougainvillea modesta		SPECIES	Bougainvillea modesta Heimerl	Bougainvillea modesta Heimerl	Heimerl	BO	Area Natural de Manejo Integrado Madidi", Unapa," 21 km en linea recta al N de Apolo. Bosque yungueÃ±o subandino xerico con Anadenanthera colubrina.	La Paz	PRESENT	1	90fd6680-349f-11d8-aa2d-b8a03c50a862	-14.542222	-68.495			970.0				2004-09-02	2	9	2004	5553603	5553603	PRESERVED_SPECIMEN	LPB	Tropicos	2158289	811	L. Cayola (LPB)"," OCT/	2004-01-01T00:00:00	CC_BY_4_0	Missouri Botanical Garden	Leslie E. Cayola;A. Antezana;F. Miranda;C. Cuevas;D. Cuevas;et al.			2025-01-25T18:16:12.134Z		COORDINATE_ROUNDED;GEODETIC_DATUM_ASSUMED_WGS84;TAXON_MATCH_TAXON_ID_IGNORED;OCCURRENCE_STATUS_INFERRED_FROM_INDIVIDUAL_COUNT;COLLECTION_MATCH_NONE;INSTITUTION_MATCH_FUZZY;DIFFERENT_OWNER_INSTITUTION",,
"1258757086	e053ff53-c156-4e2e-b9b5-4462e9625424	urn:catalog:MO:Tropicos:1529811	Plantae	Tracheophyta	Magnoliopsida	Caryophyllales	Nyctaginaceae	Bougainvillea	Bougainvillea modesta		SPECIES	Bougainvillea modesta Heimerl	Bougainvillea modesta Heimerl	Heimerl	BO	The llanura"," at the Jardin Botanico de Santa Cruz	Santa Cruz	PRESENT	1	90fd6680-349f-11d8-aa2d-b8a03c50a862	-17.766667	-63.066667			375.0				1987-09-04	4	9	1987	5553603	5553603	PRESERVED_SPECIMEN	G	Tropicos	1529811	35897	M. H. Nee	2018-01-01T00:00:00	CC_BY_4_0	Missouri Botanical Garden	Michael H. Nee			2025-01-25T18:14:09.895Z		COORDINATE_ROUNDED;GEODETIC_DATUM_ASSUMED_WGS84;TAXON_MATCH_TAXON_ID_IGNORED;OCCURRENCE_STATUS_INFERRED_FROM_INDIVIDUAL_COUNT;COLLECTION_MATCH_NONE;INSTITUTION_MATCH_FUZZY;DIFFERENT_OWNER_INSTITUTION",,,,
"1258659635	e053ff53-c156-4e2e-b9b5-4462e9625424	urn:catalog:MO:Tropicos:1432376	Plantae	Tracheophyta	Magnoliopsida	Caryophyllales	Nyctaginaceae	Bougainvillea	Bougainvillea modesta		SPECIES	Bougainvillea modesta Heimerl	Bougainvillea modesta Heimerl	Heimerl	BO	Espiritu"," Influencia del rÃ­o Yacuma. Sabana hÃºmeda.	Beni	PRESENT	1	90fd6680-349f-11d8-aa2d-b8a03c50a862					200.0				1986-09-14	14	9	1986	5553603	5553603	PRESERVED_SPECIMEN	LPB	Tropicos	1432376	15002	M. H. Nee	2018-01-01T00:00:00	CC_BY_4_0	Missouri Botanical Garden	Stephan G. Beck			2025-01-25T18:16:03.992Z		TAXON_MATCH_TAXON_ID_IGNORED;OCCURRENCE_STATUS_INFERRED_FROM_INDIVIDUAL_COUNT;COLLECTION_MATCH_NONE;INSTITUTION_MATCH_FUZZY;DIFFERENT_OWNER_INSTITUTION",,,,
"1258659630	e053ff53-c156-4e2e-b9b5-4462e9625424	urn:catalog:MO:Tropicos:1432374	Plantae	Tracheophyta	Magnoliopsida	Caryophyllales	Nyctaginaceae	Bougainvillea	Bougainvillea modesta		SPECIES	Bougainvillea modesta Heimerl	Bougainvillea modesta Heimerl	Heimerl	BO	Espiritu"," en la zona de influencia del Rio Yacuma	Beni	PRESENT	1	90fd6680-349f-11d8-aa2d-b8a03c50a862	-14.2	-66.616667			200.0				1986-09-10	10	9	1986	5553603	5553603	PRESERVED_SPECIMEN	LPB	Tropicos	1432374	5976	M. H. Nee	2018-01-01T00:00:00	CC_BY_4_0	Missouri Botanical Garden	Stephan G. Beck			2025-01-25T18:16:02.516Z		GEODETIC_DATUM_ASSUMED_WGS84;TAXON_MATCH_TAXON_ID_IGNORED;OCCURRENCE_STATUS_INFERRED_FROM_INDIVIDUAL_COUNT;COLLECTION_MATCH_NONE;INSTITUTION_MATCH_FUZZY;DIFFERENT_OWNER_INSTITUTION",,,,
"1258620660	e053ff53-c156-4e2e-b9b5-4462e9625424	urn:catalog:MO:Tropicos:1396892	Plantae	Tracheophyta	Magnoliopsida	Caryophyllales	Nyctaginaceae	Bougainvillea	Bougainvillea modesta		SPECIES	Bougainvillea modesta Heimerl	Bougainvillea modesta Heimerl	Heimerl	BO	Prov. Angel Sandoval", ANMI-San Matias; Estancia Vista Hermosa. A 170 km SE de RoborÃ©. VegetaciÃ³n arbustiva cerca a la laguna. Suelo arcillo arenoso, area inundada," dominancia de Copernicia alba en los margenes de la laguna.	Santa Cruz	PRESENT	1	90fd6680-349f-11d8-aa2d-b8a03c50a862	-17.5	-65.783333			110.0				1999-09-19	19	9	1999	5553603	5553603	PRESERVED_SPECIMEN	USZ	Tropicos	1396892	810	M. H. Nee	2018-01-01T00:00:00	CC_BY_4_0	Missouri Botanical Garden	A.M. CarriÃ³n;E. Rivera			2025-01-25T18:16:02.378Z		COORDINATE_ROUNDED;GEODETIC_DATUM_ASSUMED_WGS84;TAXON_MATCH_TAXON_ID_IGNORED;OCCURRENCE_STATUS_INFERRED_FROM_INDIVIDUAL_COUNT;COLLECTION_MATCH_NONE;INSTITUTION_MATCH_FUZZY;DIFFERENT_OWNER_INSTITUTION",,
"1258539778	e053ff53-c156-4e2e-b9b5-4462e9625424	urn:catalog:MO:Tropicos:1323145	Plantae	Tracheophyta	Magnoliopsida	Caryophyllales	Nyctaginaceae	Bougainvillea	Bougainvillea modesta		SPECIES	Bougainvillea modesta Heimerl	Bougainvillea modesta Heimerl	Heimerl	BO	Lomerio", Campamento de BOLFOR," a 12 km de la comunidad Las Trancas. Bosque semideciduo. Area quemada.	Santa Cruz	PRESENT		90fd6680-349f-11d8-aa2d-b8a03c50a862	-16.21666	-61.83333			400.0				1998-08-21	21	8	1998	5553603	5553603	PRESERVED_SPECIMEN	USZ	Tropicos	1323145	804	M. Toledo (USZ)	1998-01-01T00:00:00	CC_BY_4_0	Missouri Botanical Garden	M. Toledo G.;Bonifacio Mostacedo C.;T. Fredericksen			2025-01-25T18:16:01.810Z		GEODETIC_DATUM_ASSUMED_WGS84;TAXON_MATCH_TAXON_ID_IGNORED;COLLECTION_MATCH_NONE;INSTITUTION_MATCH_FUZZY;DIFFERENT_OWNER_INSTITUTION",,,
"1258401795	e053ff53-c156-4e2e-b9b5-4462e9625424	urn:catalog:MO:Tropicos:1195576	Plantae	Tracheophyta	Magnoliopsida	Caryophyllales	Nyctaginaceae	Bougainvillea	Bougainvillea modesta		SPECIES	Bougainvillea modesta Heimerl	Bougainvillea modesta Heimerl	Heimerl	BO	Lomerio. 12 km al Norte de la comunidad Las Trancas. Parcelas permamente del proyecto Bolfor", Las Trancas 95. Bosque seco chiquitania. Especies muy frecuentes de Andenanthera colubrina, Poeppigia procera, Centrolobium microchaete," etc. Suelos laterÃ­ticos.	Santa Cruz	PRESENT	1	90fd6680-349f-11d8-aa2d-b8a03c50a862	-16.520278	-61.846389			450.0				1995-09-10	10	9	1995	5553603	5553603	PRESERVED_SPECIMEN	F	Tropicos	1195576	986	M. H. Nee	2018-01-01T00:00:00	CC_BY_4_0	Missouri Botanical Garden	Fabiana Mamani M.			2025-01-25T18:16:00.864Z		COORDINATE_ROUNDED;GEODETIC_DATUM_ASSUMED_WGS84;TAXON_MATCH_TAXON_ID_IGNORED;OCCURRENCE_STATUS_INFERRED_FROM_INDIVIDUAL_COUNT;COLLECTION_MATCH_NONE;INSTITUTION_MATCH_FUZZY;DIFFERENT_OWNER_INSTITUTION",
"1257675748	e053ff53-c156-4e2e-b9b5-4462e9625424	urn:catalog:MO:Tropicos:100326203	Plantae	Tracheophyta	Magnoliopsida	Caryophyllales	Nyctaginaceae	Bougainvillea	Bougainvillea modesta		SPECIES	Bougainvillea modesta Heimerl	Bougainvillea modesta Heimerl	Heimerl	BO	Parque Nacional Madidi", sector  Sumpulo, pasando el rÃ­o Mojos," entre Mojos y Pata.	La Paz	PRESENT	4	90fd6680-349f-11d8-aa2d-b8a03c50a862	-14.583611	-68.774167			1090.0				2009-09-26	26	9	2009	5553603	5553603	PRESERVED_SPECIMEN	LPB	Tropicos	100326203	15295	A. Fuentes (LPB)	2015-01-01T00:00:00	CC_BY_4_0	Missouri Botanical Garden	Alfredo F. Fuentes;R. Lipa;Saul Cusi;D. Alanes;et al.			2025-01-25T18:14:44.850Z		COORDINATE_ROUNDED;GEODETIC_DATUM_ASSUMED_WGS84;TAXON_MATCH_TAXON_ID_IGNORED;OCCURRENCE_STATUS_INFERRED_FROM_INDIVIDUAL_COUNT;COLLECTION_MATCH_NONE;INSTITUTION_MATCH_FUZZY;DIFFERENT_OWNER_INSTITUTION",,
"1077323685	f9e1895f-4f52-45e7-aa4f-4dea366b7d2d	https://specieslink.net/guid/346/21561	Plantae	Tracheophyta	Magnoliopsida	Caryophyllales	Nyctaginaceae	Bougainvillea	Bougainvillea modesta		SPECIES	Bougainvillea modesta Heimerl	Bougainvillea cf.modesta	Heimerl.	BR	Assentamento Tamarineiro II Sul - sÃ­tio Sr. Albino - lote-92 - trilha 3	Ms	PRESENT		aa3e4a95-dc4c-45fa-9c0a-cecad3a1511f	-19.108611	-57.7875			153.0	0.0			2010-08-27	27	8	2010	5553603	5553603	PRESERVED_SPECIMEN	CPAP	CPAP	21561	127.0	S. M. Salis	2012-01-01T00:00:00	CC_BY_4_0	HerbÃ¡rio CPAP da Embrapa Pantanal	Almeida", A. M.; Rodrigues, A. K. C.; Castro,W. J. P.; Azevedo, D. T. & Branco," O. D.			2025-01-19T16:43:29.253Z		CONTINENT_DERIVED_FROM_COORDINATES;AMBIGUOUS_INSTITUTION"
