"gbifID	datasetKey	occurrenceID	kingdom	phylum	class	order	family	genus	species	infraspecificEpithet	taxonRank	scientificName	verbatimScientificName	verbatimScientificNameAuthorship	countryCode	locality	stateProvince	occurrenceStatus	individualCount	publishingOrgKey	decimalLatitude	decimalLongitude	coordinateUncertaintyInMeters	coordinatePrecision	elevation	elevationAccuracy	depth	depthAccuracy	eventDate	day	month	year	taxonKey	speciesKey	basisOfRecord	institutionCode	collectionCode	catalogNumber	recordNumber	identifiedBy	dateIdentified	license	rightsHolder	recordedBy	typeStatus	establishmentMeans	lastInterpreted	mediaType	issue",,,,,,,
"4130400300	833db434-f762-11e1-a439-00145eb45e9a	AAU-Herbarium-H.B.Pedersen104404	Plantae	Tracheophyta	Magnoliopsida	Malvales	Malvaceae	Ceiba	Ceiba trischistandra		SPECIES	Ceiba trischistandra (A.Gray) Bakh.	Ceiba trichistandra (A.Gray)Bakh.		EC	Jipijapa-Pto.  Cayo road km 8.  Dry decidous forest.	Manabi	PRESENT		8e1a97a0-3ca8-11d9-8439-b8a03c50a862	-1.366	-80.583	2000.0		250.0	0.0			1995-07-26	26	7	1995	8382405	8382405	PRESERVED_SPECIMEN	AU	AAU	H.B.Pedersen104404				CC_BY_4_0		H.B. Pedersen			2024-01-25T09:56:48.542Z		GEODETIC_DATUM_ASSUMED_WGS84;TAXON_MATCH_FUZZY;INSTITUTION_MATCH_FUZZY;COLLECTION_MATCH_FUZZY",,,,,,,
"4130394856	833db434-f762-11e1-a439-00145eb45e9a	AAU-Herbarium-J.E.Madsen63808	Plantae	Tracheophyta	Magnoliopsida	Malvales	Malvaceae	Ceiba	Ceiba trischistandra		SPECIES	Ceiba trischistandra (A.Gray) Bakh.	Ceiba trichistandra (A.Gray)Bakh.		EC	Isla PunÃ¡. Path Campo Alegre to midway PunÃ¡ Vieja (e.g. to Pampa Larga). Dry forest with scattered"," deciduous trees and shrubs.	Guayas	PRESENT		8e1a97a0-3ca8-11d9-8439-b8a03c50a862	-2.816	-80.133	2000.0						1987-07-07	7	7	1987	8382405	8382405	PRESERVED_SPECIMEN	AU	AAU	J.E.Madsen63808				CC_BY_4_0		J.E. Madsen			2024-01-25T09:56:55.005Z		GEODETIC_DATUM_ASSUMED_WGS84;TAXON_MATCH_FUZZY;INSTITUTION_MATCH_FUZZY;COLLECTION_MATCH_FUZZY",,,,,,
"4130390818	833db434-f762-11e1-a439-00145eb45e9a	AAU-Herbarium-J.E.Madsen63631	Plantae	Tracheophyta	Magnoliopsida	Malvales	Malvaceae	Ceiba	Ceiba trischistandra		SPECIES	Ceiba trischistandra (A.Gray) Bakh.	Ceiba trichistandra (A.Gray)Bakh.		EC	Isla PunÃ¡. Campo Alegre to Cauchiche. Xerophytic thickets and dry forest with Ceiba trichistandra. Now overgrown with flowering vines"," rather undisturbed.	Guayas	PRESENT		8e1a97a0-3ca8-11d9-8439-b8a03c50a862	-2.8	-80.133	2000.0						1987-06-08	8	6	1987	8382405	8382405	PRESERVED_SPECIMEN	AU	AAU	J.E.Madsen63631				CC_BY_4_0		J.E. Madsen			2024-01-25T09:56:45.053Z		GEODETIC_DATUM_ASSUMED_WGS84;TAXON_MATCH_FUZZY;INSTITUTION_MATCH_FUZZY;COLLECTION_MATCH_FUZZY",,,,,,
"4130387166	833db434-f762-11e1-a439-00145eb45e9a	AAU-Herbarium-L.P.Kvist40124	Plantae	Tracheophyta	Magnoliopsida	Malvales	Malvaceae	Ceiba	Ceiba trischistandra		SPECIES	Ceiba trischistandra (A.Gray) Bakh.	Ceiba trichistandra (A.Gray)Bakh.		EC	Disturbed Ceiba-forest close to Puertoviejo.	Manabi	PRESENT		8e1a97a0-3ca8-11d9-8439-b8a03c50a862	-1.033	-80.516	2000.0		100.0	0.0			1982-06-06	6	6	1982	8382405	8382405	PRESERVED_SPECIMEN	AU	AAU	L.P.Kvist40124				CC_BY_4_0		L.P. Kvist			2024-01-25T09:56:53.489Z		GEODETIC_DATUM_ASSUMED_WGS84;TAXON_MATCH_FUZZY;INSTITUTION_MATCH_FUZZY;COLLECTION_MATCH_FUZZY",,,,,,,
"4077759663	b5a8e29d-cd8c-4e04-90b2-422d900caab6	2e38f8dc-0d53-42ef-a31c-fcdc6d27b4da	Plantae	Tracheophyta	Magnoliopsida	Malvales	Malvaceae	Ceiba	Ceiba trischistandra		SPECIES	Ceiba trischistandra (A.Gray) Bakh.	Ceiba trischistandra	(A.Gray) Bakh.	EC		Manabi	PRESENT		33d232b5-5cc2-4521-8bd6-121c5bb41c32	-1.0167	-80.7833			300.0				1997-06-02	2	6	1997	8382405	8382405	PRESERVED_SPECIMEN	LOJA	LOJA-VASCULARES	11939	10702	David A. Neill	1990-01-01T00:00:00	CC_BY_NC_4_0	Herbario LOJA	David Neill			2024-01-24T23:47:31.487Z		RECORDED_DATE_INVALID;TAXON_MATCH_TAXON_ID_IGNORED",,,,,,,
"4073239120	b740eaa0-0679-41dc-acb7-990d562dfa37	http://www.botanicalcollections.be/specimen/BR0000027970119	Plantae	Tracheophyta	Magnoliopsida	Malvales	Malvaceae	Ceiba	Ceiba trischistandra		SPECIES	Ceiba trischistandra (A.Gray) Bakh.	Ceiba trischistandra Bakh.		EC	Guayas: Guayaquil"," single tree on shore of Estero Salado near the bridge of the highway to Salinas		PRESENT		a344ee9f-f1b7-4761-be2c-58ee6d741395									1955-06-12	12	6	1955	8382405	8382405	PRESERVED_SPECIMEN	MeiseBG	BR	BR0000027970119	16607			CC_BY_4_0	Meise Botanic Garden	Asplund E.			2024-12-08T15:52:34.526Z	InteractiveResource;StillImage	CONTINENT_DERIVED_FROM_COUNTRY",,,,,,
"4072842355	b740eaa0-0679-41dc-acb7-990d562dfa37	http://www.botanicalcollections.be/specimen/BR0000027970102	Plantae	Tracheophyta	Magnoliopsida	Malvales	Malvaceae	Ceiba	Ceiba trischistandra		SPECIES	Ceiba trischistandra (A.Gray) Bakh.	Ceiba trischistandra Bakh.		EC	MANABÃ: Portoviejo		PRESENT		a344ee9f-f1b7-4761-be2c-58ee6d741395									1968-05-13	13	5	1968	8382405	8382405	PRESERVED_SPECIMEN	MeiseBG	BR	BR0000027970102	9500			CC_BY_4_0	Meise Botanic Garden	G. Harling"," G. Storm & B. StrÃ¶m			2024-12-08T15:50:40.895Z	InteractiveResource;StillImage	CONTINENT_DERIVED_FROM_COUNTRY",,,,,,
"4072741388	b740eaa0-0679-41dc-acb7-990d562dfa37	http://www.botanicalcollections.be/specimen/BR0000027970089	Plantae	Tracheophyta	Magnoliopsida	Malvales	Malvaceae	Ceiba	Ceiba trischistandra		SPECIES	Ceiba trischistandra (A.Gray) Bakh.	Ceiba trischistandra Bakh.		EC	MANABÃ: Portoviejo-Jipijapa Road"," c. 1 km S of La Pila		PRESENT		a344ee9f-f1b7-4761-be2c-58ee6d741395									1985-05-04	4	5	1985	8382405	8382405	PRESERVED_SPECIMEN	MeiseBG	BR	BR0000027970089	24820			CC_BY_4_0	Meise Botanic Garden	G. Harling & L. Andersson			2024-12-08T15:52:36.291Z	StillImage;InteractiveResource	CONTINENT_DERIVED_FROM_COUNTRY",,,,,,
"4061566951	e053ff53-c156-4e2e-b9b5-4462e9625424	urn:catalog:MO:Tropicos:102272658	Plantae	Tracheophyta	Magnoliopsida	Malvales	Malvaceae	Ceiba	Ceiba trischistandra		SPECIES	Ceiba trischistandra (A.Gray) Bakh.	Ceiba trischistandra (A. Gray) Bakh.	(A. Gray) Bakh.	EC	pr. Catamayo", Cajanuma," ladera con Croton y Acacia	Loja	PRESENT	3	90fd6680-349f-11d8-aa2d-b8a03c50a862	-4.09638	-79.36138			1390.0				2006-07-24	24	7	2006	8382405	8382405	PRESERVED_SPECIMEN	MA	Tropicos	102272658	13160			CC_BY_4_0	Missouri Botanical Garden	Carlos Aedo;L. GutiÃ©rrez;Carmen Ulloa			2025-01-25T18:15:13.487Z		GEODETIC_DATUM_ASSUMED_WGS84;TAXON_MATCH_TAXON_ID_IGNORED;OCCURRENCE_STATUS_INFERRED_FROM_INDIVIDUAL_COUNT;INSTITUTION_MATCH_NONE",,,,,
"4031981774	7bd65a7a-f762-11e1-a439-00145eb45e9a	urn:catalog:MO:Tropicos:101839331	Plantae	Tracheophyta	Magnoliopsida	Malvales	Malvaceae	Ceiba	Ceiba trischistandra		SPECIES	Ceiba trischistandra (A.Gray) Bakh.	Ceiba trischistandra (A. Gray) Bakh.	(A. Gray) Bakh.	EC	Chacras de Manta"," on road from Manta to San Lorenzo. Very dry tropical forest on ridges.	ManabÃ­	PRESENT		90fd6680-349f-11d8-aa2d-b8a03c50a862	-1.03333	-80.8			100.0				1999-05-08	8	5	1999	8382405	8382405	PRESERVED_SPECIMEN	MO	Tropicos	101839331	11875	D.A. Neill	1999-01-01T00:00:00	CC_BY_4_0	Missouri Botanical Garden	David A. Neill;QCNE Botany Interns			2025-01-25T19:30:16.299Z		GEODETIC_DATUM_ASSUMED_WGS84;TAXON_MATCH_TAXON_ID_IGNORED;COLLECTION_MATCH_NONE;INSTITUTION_MATCH_FUZZY",,,,,,
"4031686221	7bd65a7a-f762-11e1-a439-00145eb45e9a	urn:catalog:MO:Tropicos:102272659	Plantae	Tracheophyta	Magnoliopsida	Malvales	Malvaceae	Ceiba	Ceiba trischistandra		SPECIES	Ceiba trischistandra (A.Gray) Bakh.	Ceiba trischistandra (A. Gray) Bakh.	(A. Gray) Bakh.	EC	pr. Catamayo", Cajanuma," ladera con Croton y Acacia	Loja	PRESENT	3	90fd6680-349f-11d8-aa2d-b8a03c50a862	-4.09638	-79.36138			1390.0				2006-07-24	24	7	2006	8382405	8382405	PRESERVED_SPECIMEN	MO	Tropicos	102272659	13160			CC_BY_4_0	Missouri Botanical Garden	Carlos Aedo;L. GutiÃ©rrez;Carmen Ulloa			2025-01-25T19:30:27.685Z		GEODETIC_DATUM_ASSUMED_WGS84;TAXON_MATCH_TAXON_ID_IGNORED;OCCURRENCE_STATUS_INFERRED_FROM_INDIVIDUAL_COUNT;COLLECTION_MATCH_NONE;INSTITUTION_MATCH_FUZZY",,,,,
"4031526817	7bd65a7a-f762-11e1-a439-00145eb45e9a	urn:catalog:MO:Tropicos:101666253	Plantae	Tracheophyta	Magnoliopsida	Malvales	Malvaceae	Ceiba	Ceiba trischistandra		SPECIES	Ceiba trischistandra (A.Gray) Bakh.	Ceiba trischistandra (A. Gray) Bakh.	(A. Gray) Bakh.	EC		ManabÃ­	PRESENT		90fd6680-349f-11d8-aa2d-b8a03c50a862					50.0				1991-05-07	7	5	1991	8382405	8382405	PRESERVED_SPECIMEN	MO	Tropicos	101666253	122			CC_BY_4_0	Missouri Botanical Garden	Jette T. Knudsen;L. Tollsten			2025-01-25T19:28:07.001Z		TAXON_MATCH_TAXON_ID_IGNORED;COLLECTION_MATCH_NONE;INSTITUTION_MATCH_FUZZY",,,,,,,
"4031459729	7bd65a7a-f762-11e1-a439-00145eb45e9a	urn:catalog:MO:Tropicos:101753939	Plantae	Tracheophyta	Magnoliopsida	Malvales	Malvaceae	Ceiba	Ceiba trischistandra		SPECIES	Ceiba trischistandra (A.Gray) Bakh.	Ceiba trischistandra (A. Gray) Bakh.	(A. Gray) Bakh.	EC	14 km southwest of Manta on new road to San Lorenzo. Tropical Dry Forest scrub formation dominated by Ceiba trichistandra", Eriotheca ruizii," and columnar cacti.	ManabÃ­	PRESENT		90fd6680-349f-11d8-aa2d-b8a03c50a862	-1.01666	-80.78333			300.0				1997-06-02	2	6	1997	8382405	8382405	PRESERVED_SPECIMEN	MO	Tropicos	101753939	10702	D.A. Neill	1997-01-01T00:00:00	CC_BY_4_0	Missouri Botanical Garden	David A. Neill;Mercedes Asanza			2025-01-25T19:30:22.038Z		GEODETIC_DATUM_ASSUMED_WGS84;TAXON_MATCH_TAXON_ID_IGNORED;COLLECTION_MATCH_NONE;INSTITUTION_MATCH_FUZZY",,,,,
"4031363343	7bd65a7a-f762-11e1-a439-00145eb45e9a	urn:catalog:MO:Tropicos:101461039	Plantae	Tracheophyta	Magnoliopsida	Malvales	Malvaceae	Ceiba	Ceiba trischistandra		SPECIES	Ceiba trischistandra (A.Gray) Bakh.	Ceiba trischistandra (A. Gray) Bakh.	(A. Gray) Bakh.	EC	Disturbed Ceiba-forest close to Puertoviejo.	Pichincha	PRESENT		90fd6680-349f-11d8-aa2d-b8a03c50a862	-1.03333	-80.51666			100.0				1982-06-04	4	6	1982	8382405	8382405	PRESERVED_SPECIMEN	MO	Tropicos	101461039	40124			CC_BY_4_0	Missouri Botanical Garden	Lars P. Kvist;L.B. Holm-Nielsen			2025-01-25T19:30:11.235Z		GEODETIC_DATUM_ASSUMED_WGS84;TAXON_MATCH_TAXON_ID_IGNORED;COLLECTION_MATCH_NONE;INSTITUTION_MATCH_FUZZY",,,,,,,
"2859357706	f3f03cbf-1a01-4739-ae15-c1355b8c2dbf	2F7C40BC-A6F0-4574-AE06-B1B758A04B42	Plantae	Tracheophyta	Magnoliopsida	Malvales	Malvaceae	Ceiba	Ceiba trischistandra		SPECIES	Ceiba trischistandra (A.Gray) Bakh.	Ceiba trischistandra		PE	contralmirante Villar Province Casitas", Parque Nacional Cerro de Amotape," Quebrada del PlÃ¡tano	Tumbes	PRESENT		c1da06f0-580e-11dc-8a9e-b8a03c50a862									1990-05-03	3	5	1990	8382405	8382405	PRESERVED_SPECIMEN	CM	botany	CM370680	4048			CC0_1_0	Carnegie Museum of Natural History	DÃ­az", C.; PeÃ±a," E.			2025-01-24T00:01:34.928Z		CONTINENT_DERIVED_FROM_COUNTRY;INSTITUTION_MATCH_FUZZY;COLLECTION_MATCH_FUZZY",,,
"2517196122	15f819bd-6612-4447-854b-14d12ee1022d	https://data.biodiversitydata.nl/naturalis/specimen/U.1380823	Plantae	Tracheophyta	Magnoliopsida	Malvales	Malvaceae	Ceiba	Ceiba trischistandra		SPECIES	Ceiba trischistandra (A.Gray) Bakh.	Ceiba trischistandra (A.Gray) Bakh.	(A.Gray) Bakh.	PE	Vegetation del Peru. Kusthalbwuste und Trockenwaldregion Nordperus", Regenz. Regengruner Wald," 50 m. alt. N.von Tumbes.		PRESENT		396d5f30-dea9-11db-8ab4-b8a03c50a862									1957-05-13	13	5	1957	8382405	8382405	PRESERVED_SPECIMEN		Botany	U.1380823	Ellenberg"," H 1382			CC0_1_0	Naturalis Biodiversity Center	Ellenberg H			2024-11-01T10:27:57.539Z	StillImage	",,,,
"2517186015	15f819bd-6612-4447-854b-14d12ee1022d	https://data.biodiversitydata.nl/naturalis/specimen/U.1380822	Plantae	Tracheophyta	Magnoliopsida	Malvales	Malvaceae	Ceiba	Ceiba trischistandra		SPECIES	Ceiba trischistandra (A.Gray) Bakh.	Ceiba trischistandra (A.Gray) Bakh.	(A.Gray) Bakh.	PE	Vegetation del Peru. Kustenhalbwuste und Trokcenwaldregion Nordperus", Regenz. Halbimmergruner Wald. Canchaque," ca. 10 Km sudl.		PRESENT		396d5f30-dea9-11db-8ab4-b8a03c50a862									1957-05-26	26	5	1957	8382405	8382405	PRESERVED_SPECIMEN		Botany	U.1380822	Ellenberg"," H 1612			CC0_1_0	Naturalis Biodiversity Center	Ellenberg H			2024-11-01T10:29:20.752Z	StillImage	",,,,
"1936662531	834c9918-f762-11e1-a439-00145eb45e9a	5e583083-20fe-11e3-9e2e-000c29035824	Plantae	Tracheophyta	Magnoliopsida	Malvales	Malvaceae	Ceiba	Ceiba trischistandra		SPECIES	Ceiba trischistandra (A.Gray) Bakh.	Ceiba trichistandra		EC	Loja"," pr. Catamayo		PRESENT		0363cbd4-f666-455e-8e86-0bbddcf51950	-4.0964	-79.3614							2006-07-24	24	7	2006	8382405	8382405	PRESERVED_SPECIMEN	MA	MA	MA-01-00745463	13160			CC_BY_NC_4_0		C. Aedo"," L. GutiÃ©rrez & C. Ulloa			2024-04-09T06:13:06.486Z		GEODETIC_DATUM_ASSUMED_WGS84;CONTINENT_DERIVED_FROM_COORDINATES;TAXON_MATCH_FUZZY;TAXON_MATCH_TAXON_ID_IGNORED;INSTITUTION_MATCH_FUZZY;COLLECTION_MATCH_FUZZY",,,,,
"1930340570	d415c253-4d61-4459-9d25-4015b9084fb0	b60a634f-8aed-479c-8b71-f1a79e814a1b	Plantae	Tracheophyta	Magnoliopsida	Malvales	Malvaceae	Ceiba	Ceiba trischistandra		SPECIES	Ceiba trischistandra (A.Gray) Bakh.	Ceiba trischistandra (A.Gray) Bakh.	(A.Gray) Bakh.				PRESENT		ae447c50-b8a8-11d8-92a4-b8a03c50a862									1989-07-17	17	7	1989	8382405	8382405	PRESERVED_SPECIMEN	NY	NY	02684146	6680			CC0_1_0	The New York Botanical Garden	L. J. Dorr			2024-12-25T06:20:44.061Z	StillImage	MODIFIED_DATE_INVALID",,,,,,,
"1930026395	d415c253-4d61-4459-9d25-4015b9084fb0	a000950f-d5f4-4420-b0e2-78a7d6d6e0a8	Plantae	Tracheophyta	Magnoliopsida	Malvales	Malvaceae	Ceiba	Ceiba trischistandra		SPECIES	Ceiba trischistandra (A.Gray) Bakh.	Ceiba trischistandra (A.Gray) Bakh.	(A.Gray) Bakh.				PRESENT		ae447c50-b8a8-11d8-92a4-b8a03c50a862									1989-07-14	14	7	1989	8382405	8382405	PRESERVED_SPECIMEN	NY	NY	02684145	6642			CC0_1_0	The New York Botanical Garden	L. J. Dorr			2024-12-25T06:20:36.958Z	StillImage	MODIFIED_DATE_INVALID",,,,,,,
"1927997281	d415c253-4d61-4459-9d25-4015b9084fb0	10451895-63e8-4f39-a4fe-4741fbb0cf39	Plantae	Tracheophyta	Magnoliopsida	Malvales	Malvaceae	Ceiba	Ceiba trischistandra		SPECIES	Ceiba trischistandra (A.Gray) Bakh.	Ceiba trischistandra (A.Gray) Bakh.	(A.Gray) Bakh.				PRESENT		ae447c50-b8a8-11d8-92a4-b8a03c50a862									1989-07-17	17	7	1989	8382405	8382405	PRESERVED_SPECIMEN	NY	NY	02684147	6680			CC0_1_0	The New York Botanical Garden	L. J. Dorr			2024-12-25T06:18:08.175Z	StillImage	MODIFIED_DATE_INVALID",,,,,,,
"1261878314	e053ff53-c156-4e2e-b9b5-4462e9625424	urn:catalog:MO:Tropicos:950460	Plantae	Tracheophyta	Magnoliopsida	Malvales	Malvaceae	Ceiba	Ceiba trischistandra		SPECIES	Ceiba trischistandra (A.Gray) Bakh.	Ceiba trischistandra (A. Gray) Bakh.	(A. Gray) Bakh.	EC		ManabÃ­	PRESENT		90fd6680-349f-11d8-aa2d-b8a03c50a862									1955-06-06	6	6	1955	8382405	8382405	PRESERVED_SPECIMEN	S	Tropicos	950460	16562	P.E. Gibbs		CC_BY_4_0	Missouri Botanical Garden	Erik Asplund			2025-01-25T18:13:58.070Z		TAXON_MATCH_TAXON_ID_IGNORED;COLLECTION_MATCH_NONE;INSTITUTION_MATCH_FUZZY;DIFFERENT_OWNER_INSTITUTION",,,,,,,
"1261878306	e053ff53-c156-4e2e-b9b5-4462e9625424	urn:catalog:MO:Tropicos:950456	Plantae	Tracheophyta	Magnoliopsida	Malvales	Malvaceae	Ceiba	Ceiba trischistandra		SPECIES	Ceiba trischistandra (A.Gray) Bakh.	Ceiba trischistandra (A. Gray) Bakh.	(A. Gray) Bakh.	EC		ManabÃ­	PRESENT		90fd6680-349f-11d8-aa2d-b8a03c50a862					50.0				1991-05-07	7	5	1991	8382405	8382405	PRESERVED_SPECIMEN	S	Tropicos	950456	122			CC_BY_4_0	Missouri Botanical Garden	Jette T. Knudsen;L. Tollsten			2025-01-25T18:15:58.040Z		TAXON_MATCH_TAXON_ID_IGNORED;COLLECTION_MATCH_NONE;INSTITUTION_MATCH_FUZZY;DIFFERENT_OWNER_INSTITUTION",,,,,,,
"1261878304	e053ff53-c156-4e2e-b9b5-4462e9625424	urn:catalog:MO:Tropicos:950458	Plantae	Tracheophyta	Magnoliopsida	Malvales	Malvaceae	Ceiba	Ceiba trischistandra		SPECIES	Ceiba trischistandra (A.Gray) Bakh.	Ceiba trischistandra (A. Gray) Bakh.	(A. Gray) Bakh.	EC		Guayas	PRESENT		90fd6680-349f-11d8-aa2d-b8a03c50a862									1955-06-12	12	6	1955	8382405	8382405	PRESERVED_SPECIMEN	S	Tropicos	950458	16607	P.E. Gibbs	1983-01-01T00:00:00	CC_BY_4_0	Missouri Botanical Garden	Erik Asplund			2025-01-25T18:13:57.880Z		TAXON_MATCH_TAXON_ID_IGNORED;COLLECTION_MATCH_NONE;INSTITUTION_MATCH_FUZZY;DIFFERENT_OWNER_INSTITUTION",,,,,,,
"1260855985	7bd65a7a-f762-11e1-a439-00145eb45e9a	urn:catalog:MO:Tropicos:3438492	Plantae	Tracheophyta	Magnoliopsida	Malvales	Malvaceae	Ceiba	Ceiba trischistandra		SPECIES	Ceiba trischistandra (A.Gray) Bakh.	Ceiba trischistandra (A. Gray) Bakh.	(A. Gray) Bakh.	EC		ManabÃ­	PRESENT		90fd6680-349f-11d8-aa2d-b8a03c50a862									1968-05-13	13	5	1968	8382405	8382405	PRESERVED_SPECIMEN	MO	Tropicos	3438492	9500	A. Robyns	1979-01-01T00:00:00	CC_BY_4_0	Missouri Botanical Garden	Gunnar Wilhelm Harling;G.T. Storm;Bertil StrÃ¶m			2025-01-25T19:29:27.172Z		TAXON_MATCH_TAXON_ID_IGNORED;COLLECTION_MATCH_NONE;INSTITUTION_MATCH_FUZZY",,,,,,,
"1260434843	7bd65a7a-f762-11e1-a439-00145eb45e9a	urn:catalog:MO:Tropicos:3057421	Plantae	Tracheophyta	Magnoliopsida	Malvales	Malvaceae	Ceiba	Ceiba trischistandra		SPECIES	Ceiba trischistandra (A.Gray) Bakh.	Ceiba trischistandra (A. Gray) Bakh.	(A. Gray) Bakh.	PE	Peru. Cultivated on street.	Lima	PRESENT		90fd6680-349f-11d8-aa2d-b8a03c50a862									1976-06-30	30	6	1976	8382405	8382405	PRESERVED_SPECIMEN	MO	Tropicos	3057421	23715			CC_BY_4_0	Missouri Botanical Garden	Ghillean T. Prance			2025-01-25T19:29:23.243Z		TAXON_MATCH_TAXON_ID_IGNORED;COLLECTION_MATCH_NONE;INSTITUTION_MATCH_FUZZY",,,,,,,
"1260434767	7bd65a7a-f762-11e1-a439-00145eb45e9a	urn:catalog:MO:Tropicos:3057320	Plantae	Tracheophyta	Magnoliopsida	Malvales	Malvaceae	Ceiba	Ceiba trischistandra		SPECIES	Ceiba trischistandra (A.Gray) Bakh.	Ceiba trischistandra (A. Gray) Bakh.	(A. Gray) Bakh.	PE	Sarrun Botanicio -Univ. Nacional Agraria La Molina. Dtto. Molina.	Lima	PRESENT	1	90fd6680-349f-11d8-aa2d-b8a03c50a862					240.0				1982-06-08	8	6	1982	8382405	8382405	PRESERVED_SPECIMEN	MO	Tropicos	3057320	107			CC_BY_4_0	Missouri Botanical Garden	Ernesto Medina F.;A. Daza Yomona			2025-01-25T19:29:23.324Z		TAXON_MATCH_TAXON_ID_IGNORED;OCCURRENCE_STATUS_INFERRED_FROM_INDIVIDUAL_COUNT;COLLECTION_MATCH_NONE;INSTITUTION_MATCH_FUZZY",,,,,,,
"1260434157	7bd65a7a-f762-11e1-a439-00145eb45e9a	urn:catalog:MO:Tropicos:3056778	Plantae	Tracheophyta	Magnoliopsida	Malvales	Malvaceae	Ceiba	Ceiba trischistandra		SPECIES	Ceiba trischistandra (A.Gray) Bakh.	Ceiba trischistandra (A. Gray) Bakh.	(A. Gray) Bakh.	EC	10 km NW of Puerto viejo.	ManabÃ­	PRESENT		90fd6680-349f-11d8-aa2d-b8a03c50a862					30.0				1977-07-30	30	7	1977	8382405	8382405	PRESERVED_SPECIMEN	MO	Tropicos	3056778	6789	A. Gentry	1977-01-01T00:00:00	CC_BY_4_0	Missouri Botanical Garden	Calaway H. Dodson;H.C. Dodson			2025-01-25T19:29:26.394Z		TAXON_MATCH_TAXON_ID_IGNORED;COLLECTION_MATCH_NONE;INSTITUTION_MATCH_FUZZY",,,,,,,
"1260410226	e053ff53-c156-4e2e-b9b5-4462e9625424	urn:catalog:MO:Tropicos:3035171	Plantae	Tracheophyta	Magnoliopsida	Malvales	Malvaceae	Ceiba	Ceiba trischistandra		SPECIES	Ceiba trischistandra (A.Gray) Bakh.	Ceiba trischistandra (A. Gray) Bakh.	(A. Gray) Bakh.	EC	pr. Catamayo", Cajanuma," ladera con Croton y Acacia	Loja	PRESENT	3	90fd6680-349f-11d8-aa2d-b8a03c50a862	-4.09638	-79.36138			1390.0				2006-07-24	24	7	2006	8382405	8382405	PRESERVED_SPECIMEN	QCNE	Tropicos	3035171	13160			CC_BY_4_0	Missouri Botanical Garden	Carlos Aedo;L. GutiÃ©rrez;Carmen Ulloa			2025-01-25T18:14:29.377Z		GEODETIC_DATUM_ASSUMED_WGS84;TAXON_MATCH_TAXON_ID_IGNORED;OCCURRENCE_STATUS_INFERRED_FROM_INDIVIDUAL_COUNT;COLLECTION_MATCH_NONE;INSTITUTION_MATCH_FUZZY;DIFFERENT_OWNER_INSTITUTION",,,,,
"1260017557	e053ff53-c156-4e2e-b9b5-4462e9625424	urn:catalog:MO:Tropicos:2678623	Plantae	Tracheophyta	Magnoliopsida	Malvales	Malvaceae	Ceiba	Ceiba trischistandra		SPECIES	Ceiba trischistandra (A.Gray) Bakh.	Ceiba trischistandra (A. Gray) Bakh.	(A. Gray) Bakh.	EC	Jipijapa-Pto. Cayo road km 8. Dry decidous forest.	ManabÃ­	PRESENT		90fd6680-349f-11d8-aa2d-b8a03c50a862	-1.36666	-80.58333			250.0				1995-07-26	26	7	1995	8382405	8382405	PRESERVED_SPECIMEN	AAU	Tropicos	2678623	104404			CC_BY_4_0	Missouri Botanical Garden	H.B. Pedersen			2025-01-25T18:14:25.284Z		GEODETIC_DATUM_ASSUMED_WGS84;TAXON_MATCH_TAXON_ID_IGNORED;COLLECTION_MATCH_NONE;INSTITUTION_MATCH_FUZZY;DIFFERENT_OWNER_INSTITUTION",,,,,,,
"1259169425	7bd65a7a-f762-11e1-a439-00145eb45e9a	urn:catalog:MO:Tropicos:190899	Plantae	Tracheophyta	Magnoliopsida	Malvales	Malvaceae	Ceiba	Ceiba trischistandra		SPECIES	Ceiba trischistandra (A.Gray) Bakh.	Ceiba trischistandra (A. Gray) Bakh.	(A. Gray) Bakh.	PE	Cerros de Amotape", Quebrada Los Conejos," ca. 25 km SE of Cherralique. Premontane moist forest. Transect 3	Tumbes	PRESENT	5	90fd6680-349f-11d8-aa2d-b8a03c50a862	-4.15	-80.61666			700.0	100.0			1987-06-10	10	6	1987	8382405	8382405	PRESERVED_SPECIMEN	MO	Tropicos	190899	58264	A. Gentry	1987-01-01T00:00:00	CC_BY_4_0	Missouri Botanical Garden	Alwyn H. Gentry;Camilo DÃ­az S.			2025-01-25T19:28:43.053Z		GEODETIC_DATUM_ASSUMED_WGS84;TAXON_MATCH_TAXON_ID_IGNORED;OCCURRENCE_STATUS_INFERRED_FROM_INDIVIDUAL_COUNT;COLLECTION_MATCH_NONE;INSTITUTION_MATCH_FUZZY",,,,,
"1259162112	e053ff53-c156-4e2e-b9b5-4462e9625424	urn:catalog:MO:Tropicos:190237	Plantae	Tracheophyta	Magnoliopsida	Malvales	Malvaceae	Ceiba	Ceiba trischistandra		SPECIES	Ceiba trischistandra (A.Gray) Bakh.	Ceiba trischistandra (A. Gray) Bakh.	(A. Gray) Bakh.	EC	Disturbed Ceiba-forest close to Puertoviejo.	Pichincha	PRESENT		90fd6680-349f-11d8-aa2d-b8a03c50a862	-1.03333	-80.51666			100.0				1982-06-04	4	6	1982	8382405	8382405	PRESERVED_SPECIMEN	AAU	Tropicos	190237	40124			CC_BY_4_0	Missouri Botanical Garden	Lars P. Kvist;L.B. Holm-Nielsen			2025-01-25T18:15:52.786Z		GEODETIC_DATUM_ASSUMED_WGS84;TAXON_MATCH_TAXON_ID_IGNORED;COLLECTION_MATCH_NONE;INSTITUTION_MATCH_FUZZY;DIFFERENT_OWNER_INSTITUTION",,,,,,,
"1259151443	7bd65a7a-f762-11e1-a439-00145eb45e9a	urn:catalog:MO:Tropicos:189267	Plantae	Tracheophyta	Magnoliopsida	Malvales	Malvaceae	Ceiba	Ceiba trischistandra		SPECIES	Ceiba trischistandra (A.Gray) Bakh.	Ceiba trischistandra (A. Gray) Bakh.	(A. Gray) Bakh.	PE	""Casitas; Parque Nacional """"Cerros de Amotape"""""," Quebrada del PlÃ¡tano.""	Tumbes	PRESENT	6	90fd6680-349f-11d8-aa2d-b8a03c50a862	-4.133333	-80.583333							1990-05-03	3	5	1990	8382405	8382405	PRESERVED_SPECIMEN	MO	Tropicos	189267	4048			CC_BY_4_0	Missouri Botanical Garden	Camilo DÃ­az S.;E. PeÃ±a Cruz			2025-01-25T19:25:58.075Z		COORDINATE_ROUNDED;GEODETIC_DATUM_ASSUMED_WGS84;TAXON_MATCH_TAXON_ID_IGNORED;OCCURRENCE_STATUS_INFERRED_FROM_INDIVIDUAL_COUNT;COLLECTION_MATCH_NONE;INSTITUTION_MATCH_FUZZY",,,,,,
"1259148156	e053ff53-c156-4e2e-b9b5-4462e9625424	urn:catalog:MO:Tropicos:188970	Plantae	Tracheophyta	Magnoliopsida	Malvales	Malvaceae	Ceiba	Ceiba trischistandra		SPECIES	Ceiba trischistandra (A.Gray) Bakh.	Ceiba trischistandra (A. Gray) Bakh.	(A. Gray) Bakh.	EC	Isla PunÃ¡. Path Campo Alegre to RÃ­o Hondo. Dry forest with scattered trees and understory scrub and vines. (80Â° 3-7Â´W; 2Â° 49Â´S).	Guayas	PRESENT		90fd6680-349f-11d8-aa2d-b8a03c50a862	-2.81666	-80.05							1987-07-08	8	7	1987	8382405	8382405	PRESERVED_SPECIMEN	AAU	Tropicos	188970	63816			CC_BY_4_0	Missouri Botanical Garden	Jens E. Madsen			2025-01-25T18:15:54.052Z		GEODETIC_DATUM_ASSUMED_WGS84;TAXON_MATCH_TAXON_ID_IGNORED;COLLECTION_MATCH_NONE;INSTITUTION_MATCH_FUZZY;DIFFERENT_OWNER_INSTITUTION",,,,,,,
"1259148066	e053ff53-c156-4e2e-b9b5-4462e9625424	urn:catalog:MO:Tropicos:188963	Plantae	Tracheophyta	Magnoliopsida	Malvales	Malvaceae	Ceiba	Ceiba trischistandra		SPECIES	Ceiba trischistandra (A.Gray) Bakh.	Ceiba trischistandra (A. Gray) Bakh.	(A. Gray) Bakh.	EC	Isla PunÃ¡. Path Campo Alegre to midway PunÃ¡ Vieja (e.g. to Pampa Larga). Dry forest with scattered"," deciduous trees and shrubs.	Guayas	PRESENT		90fd6680-349f-11d8-aa2d-b8a03c50a862	-2.81666	-80.13333							1987-07-07	7	7	1987	8382405	8382405	PRESERVED_SPECIMEN	AAU	Tropicos	188963	63808			CC_BY_4_0	Missouri Botanical Garden	Jens E. Madsen			2025-01-25T18:15:54.476Z		GEODETIC_DATUM_ASSUMED_WGS84;TAXON_MATCH_TAXON_ID_IGNORED;COLLECTION_MATCH_NONE;INSTITUTION_MATCH_FUZZY;DIFFERENT_OWNER_INSTITUTION",,,,,,
"1259148003	e053ff53-c156-4e2e-b9b5-4462e9625424	urn:catalog:MO:Tropicos:188957	Plantae	Tracheophyta	Magnoliopsida	Malvales	Malvaceae	Ceiba	Ceiba trischistandra		SPECIES	Ceiba trischistandra (A.Gray) Bakh.	Ceiba trischistandra (A. Gray) Bakh.	(A. Gray) Bakh.	EC	Isla PunÃ¡. Campo Alegre to Cauchiche. Xerophytic thickets and dry forest with Ceiba trichistandra. Now overgrown with flowering vines"," rather undisturbed.	Guayas	PRESENT		90fd6680-349f-11d8-aa2d-b8a03c50a862	-2.8	-80.13333							1987-06-08	8	6	1987	8382405	8382405	PRESERVED_SPECIMEN	AAU	Tropicos	188957	63631			CC_BY_4_0	Missouri Botanical Garden	Jens E. Madsen			2025-01-25T18:13:49.411Z		GEODETIC_DATUM_ASSUMED_WGS84;TAXON_MATCH_TAXON_ID_IGNORED;COLLECTION_MATCH_NONE;INSTITUTION_MATCH_FUZZY;DIFFERENT_OWNER_INSTITUTION",,,,,,
"1259141424	7bd65a7a-f762-11e1-a439-00145eb45e9a	urn:catalog:MO:Tropicos:188348	Plantae	Tracheophyta	Magnoliopsida	Malvales	Malvaceae	Ceiba	Ceiba trischistandra		SPECIES	Ceiba trischistandra (A.Gray) Bakh.	Ceiba trischistandra (A. Gray) Bakh.	(A. Gray) Bakh.	PE	Cerros de Amotape", Quebrada Los Conejos and adjacent ridge," ca. 25 km SE of Cherrelique. Premontane moist forest.	Tumbes	PRESENT	4	90fd6680-349f-11d8-aa2d-b8a03c50a862	-4.15	-80.61666			725.0	125.0			1987-06-10	10	6	1987	8382405	8382405	PRESERVED_SPECIMEN	MO	Tropicos	188348	58328	J.L. Fernandez Alonso (COL)	2015-01-01T00:00:00	CC_BY_4_0	Missouri Botanical Garden	Alwyn H. Gentry;Camilo DÃ­az S.			2025-01-25T19:28:44.351Z		GEODETIC_DATUM_ASSUMED_WGS84;TAXON_MATCH_TAXON_ID_IGNORED;OCCURRENCE_STATUS_INFERRED_FROM_INDIVIDUAL_COUNT;COLLECTION_MATCH_NONE;INSTITUTION_MATCH_FUZZY",,,,,
"1259141018	7bd65a7a-f762-11e1-a439-00145eb45e9a	urn:catalog:MO:Tropicos:188314	Plantae	Tracheophyta	Magnoliopsida	Malvales	Malvaceae	Ceiba	Ceiba trischistandra		SPECIES	Ceiba trischistandra (A.Gray) Bakh.	Ceiba trischistandra (A. Gray) Bakh.	(A. Gray) Bakh.	PE	Lima.	Lima	PRESENT	1	90fd6680-349f-11d8-aa2d-b8a03c50a862									1976-06-30	30	6	1976	8382405	8382405	PRESERVED_SPECIMEN	MO	Tropicos	188314	16453	P.E. Gibbs (STA)	2001-01-01T00:00:00	CC_BY_4_0	Missouri Botanical Garden	Alwyn H. Gentry;Ghillean T. Prance			2025-01-25T19:25:58.327Z		TAXON_MATCH_TAXON_ID_IGNORED;OCCURRENCE_STATUS_INFERRED_FROM_INDIVIDUAL_COUNT;COLLECTION_MATCH_NONE;INSTITUTION_MATCH_FUZZY",,,,,,,
"1258670227	e053ff53-c156-4e2e-b9b5-4462e9625424	urn:catalog:MO:Tropicos:1442458	Plantae	Tracheophyta	Magnoliopsida	Malvales	Malvaceae	Ceiba	Ceiba trischistandra		SPECIES	Ceiba trischistandra (A.Gray) Bakh.	Ceiba trischistandra (A. Gray) Bakh.	(A. Gray) Bakh.	EC	Chacras de Manta"," on road from Manta to San Lorenzo. Very dry tropical forest on ridges.	ManabÃ­	PRESENT		90fd6680-349f-11d8-aa2d-b8a03c50a862	-1.03333	-80.8			100.0				1999-05-08	8	5	1999	8382405	8382405	PRESERVED_SPECIMEN	QCNE	Tropicos	1442458	11875	D.A. Neill	1999-01-01T00:00:00	CC_BY_4_0	Missouri Botanical Garden	David A. Neill;QCNE Botany Interns			2025-01-25T18:14:08.546Z		GEODETIC_DATUM_ASSUMED_WGS84;TAXON_MATCH_TAXON_ID_IGNORED;COLLECTION_MATCH_NONE;INSTITUTION_MATCH_FUZZY;DIFFERENT_OWNER_INSTITUTION",,,,,,
"1258400609	e053ff53-c156-4e2e-b9b5-4462e9625424	urn:catalog:MO:Tropicos:1194482	Plantae	Tracheophyta	Magnoliopsida	Malvales	Malvaceae	Ceiba	Ceiba trischistandra		SPECIES	Ceiba trischistandra (A.Gray) Bakh.	Ceiba trischistandra (A. Gray) Bakh.	(A. Gray) Bakh.	EC	14 km southwest of Manta on new road to San Lorenzo. Tropical Dry Forest scrub formation dominated by Ceiba trichistandra", Eriotheca ruizii," and columnar cacti.	ManabÃ­	PRESENT		90fd6680-349f-11d8-aa2d-b8a03c50a862	-1.01666	-80.78333			300.0				1997-06-02	2	6	1997	8382405	8382405	PRESERVED_SPECIMEN	QCNE	Tropicos	1194482	10702	D.A. Neill	1997-01-01T00:00:00	CC_BY_4_0	Missouri Botanical Garden	David A. Neill;Mercedes Asanza			2025-01-25T18:16:01.015Z		GEODETIC_DATUM_ASSUMED_WGS84;TAXON_MATCH_TAXON_ID_IGNORED;COLLECTION_MATCH_NONE;INSTITUTION_MATCH_FUZZY;DIFFERENT_OWNER_INSTITUTION",,,,,
"1228182902	90c853e6-56bd-480b-8e8f-6285c3f8d42b	754bb7bd-0de8-4876-abc2-977e55810d9d	Plantae	Tracheophyta	Magnoliopsida	Malvales	Malvaceae	Ceiba	Ceiba trischistandra		SPECIES	Ceiba trischistandra (A.Gray) Bakh.	Ceiba trischistandra (A. Gray) Bakh.		PE	Lima	Lima	PRESENT		7b8aff00-a9f8-11d8-944b-b8a03c50a862	-12.0	-76.6333							1976-06-30	30	6	1976	8382405	8382405	PRESERVED_SPECIMEN	F	Botany		16453	P. E. Gibbs	1999-01-01T00:00:00	CC0_1_0	The Field Museum of Natural History	A. H. Gentry			2024-01-25T11:00:01.738Z	StillImage	GEODETIC_DATUM_ASSUMED_WGS84;AMBIGUOUS_COLLECTION;INSTITUTION_MATCH_FUZZY",,,,,,,
"1096749085	0943f690-fde5-11dd-83f4-b8a03c50a862	S:VascularPlants:S11-1089	Plantae	Tracheophyta	Magnoliopsida	Malvales	Malvaceae	Ceiba	Ceiba trischistandra		SPECIES	Ceiba trischistandra (A.Gray) Bakh.	Ceiba trichistandra (A. Gray) Bakh	(A. Gray) Bakh	EC	Plants of Ecuador", prov. Manabi," c. 2 km before Machalilla on road from Salinas	Manabi	PRESENT		6ba9a8cc-513a-4a51-bf93-6f5de8040a96	-1.483333	-80.75			50.0				1991-05-07	7	5	1991	8382405	8382405	PRESERVED_SPECIMEN	S	VascularPlants	S11-1089				CC_BY_4_0		Jette Knudsen & L. Tollsten			2025-01-21T14:40:11.241Z		GEODETIC_DATUM_ASSUMED_WGS84;CONTINENT_DERIVED_FROM_COORDINATES;TAXON_MATCH_FUZZY;AMBIGUOUS_COLLECTION",,,,,
"1096627069	0943f690-fde5-11dd-83f4-b8a03c50a862	S:VascularPlants:S06-20487	Plantae	Tracheophyta	Magnoliopsida	Malvales	Malvaceae	Ceiba	Ceiba trischistandra		SPECIES	Ceiba trischistandra (A.Gray) Bakh.	Ceiba trichistandra (A. Gray) Bakh	(A. Gray) Bakh	EC	Prov. Manabi. Bahia de Caraquez", dry light wood. Tree at least 30 m high, stem spiny, calyx brilliant crimson, petals white, faintly tinged with green without," anthers light yellow. Iter Regnellianum sextum. Flora aequatoriensis	Manabi	PRESENT		6ba9a8cc-513a-4a51-bf93-6f5de8040a96									1955-06-06	6	6	1955	8382405	8382405	PRESERVED_SPECIMEN	S	VascularPlants	S06-20487				CC_BY_4_0		Erik Asplund			2025-01-21T14:40:21.991Z		CONTINENT_DERIVED_FROM_COUNTRY;TAXON_MATCH_FUZZY;AMBIGUOUS_COLLECTION",
"1096627066	0943f690-fde5-11dd-83f4-b8a03c50a862	S:VascularPlants:S06-20488	Plantae	Tracheophyta	Magnoliopsida	Malvales	Malvaceae	Ceiba	Ceiba trischistandra		SPECIES	Ceiba trischistandra (A.Gray) Bakh.	Ceiba trichistandra (A. Gray) Bakh	(A. Gray) Bakh	EC	Prov. Guayas", Guayaquil, single tree on shore of Estero Salado near the bridge of the highway to Salinas. Tree hardly 10 m high, stem sparingly spiny, calyx brilliant crimson, petals white, faintly tinged with green without," anthers light yellow. Iter Regnellianum sextum. Flora aequatoriensis	Guayas	PRESENT		6ba9a8cc-513a-4a51-bf93-6f5de8040a96									1955-06-12	12	6	1955	8382405	8382405	PRESERVED_SPECIMEN	S	VascularPlants	S06-20488				CC_BY_4_0		Erik Asplund			2025-01-21T14:40:21.848Z		CONTINENT_DERIVED_FROM_COUNTRY;TAXON_MATCH_FUZZY;AMBIGUOUS_COLLECTION"
"1096627039	0943f690-fde5-11dd-83f4-b8a03c50a862	S:VascularPlants:S06-20485	Plantae	Tracheophyta	Magnoliopsida	Malvales	Malvaceae	Ceiba	Ceiba trischistandra		SPECIES	Ceiba trischistandra (A.Gray) Bakh.	Ceiba trichistandra (A. Gray) Bakh	(A. Gray) Bakh	EC	Prov. Guayas", Guayaquil, single tree on shore of Estero Salado near the bridge of the highway to Salinas. Tree hardly 10 high, stem sparingly spiny, calyx brilliant crimson, petals white, faintly tinged with green without," anthers light yellow. Iter Regnellianum sextum. Flora aequatoriensis	Guayas	PRESENT		6ba9a8cc-513a-4a51-bf93-6f5de8040a96									1955-06-12	12	6	1955	8382405	8382405	PRESERVED_SPECIMEN	S	VascularPlants	S06-20485				CC_BY_4_0		Erik Asplund			2025-01-21T14:40:21.452Z		CONTINENT_DERIVED_FROM_COUNTRY;TAXON_MATCH_FUZZY;AMBIGUOUS_COLLECTION"
