"gbifID	datasetKey	occurrenceID	kingdom	phylum	class	order	family	genus	species	infraspecificEpithet	taxonRank	scientificName	verbatimScientificName	verbatimScientificNameAuthorship	countryCode	locality	stateProvince	occurrenceStatus	individualCount	publishingOrgKey	decimalLatitude	decimalLongitude	coordinateUncertaintyInMeters	coordinatePrecision	elevation	elevationAccuracy	depth	depthAccuracy	eventDate	day	month	year	taxonKey	speciesKey	basisOfRecord	institutionCode	collectionCode	catalogNumber	recordNumber	identifiedBy	dateIdentified	license	rightsHolder	recordedBy	typeStatus	establishmentMeans	lastInterpreted	mediaType	issue",,,,,,,,
"4900611032	6cb1a437-f8a6-4bdc-a534-87cf2b710427	6370723	Plantae	Tracheophyta	Magnoliopsida	Fabales	Fabaceae	Peltogyne	Peltogyne recifensis		SPECIES	Peltogyne recifensis Ducke	Peltogyne recifensis Ducke	Ducke	BR	Rodovia IlhÃ©us-ItacarÃ© (BA 001)", na altura do km 20, estrada Ã  esquerda. Acesso ao retiro. Ramal vicinal ca. 5,5 Km Ã  direita," para a Lagoa Encantada.	Bahia	PRESENT		838537fc-4aeb-4980-8b58-97fbdcd1d91a	-14.119444	-39.117222			170.0	0.0			2005-02-19	19	2	2005	2952702	2952702	PRESERVED_SPECIMEN	HUEFS	HUEFS	HUEFS00199736	2720	R.B.Pinto		CC_BY_4_0	HUEFS	Fiaschi"," P.			2025-01-01T12:15:37.947Z		COORDINATE_ROUNDED;GEODETIC_DATUM_ASSUMED_WGS84;CONTINENT_DERIVED_FROM_COORDINATES;IDENTIFIED_DATE_INVALID;INSTITUTION_MATCH_FUZZY;COLLECTION_MATCH_FUZZY",,,
"4900539429	6cb1a437-f8a6-4bdc-a534-87cf2b710427	6344304	Plantae	Tracheophyta	Magnoliopsida	Fabales	Fabaceae	Peltogyne	Peltogyne recifensis		SPECIES	Peltogyne recifensis Ducke	Peltogyne recifensis Ducke	Ducke	BR	Rodovia IlhÃ©us-ItacarÃ© (BA 001)", na altura do Km 20, estrada Ã  esquerda. Acesso ao Retiro. Ramal vicinal ca. 5,5 Km Ã  direita," para a Lagoa Encantada.	Bahia	PRESENT		838537fc-4aeb-4980-8b58-97fbdcd1d91a	-14.119444	-39.117222			170.0	0.0			2005-02-19	19	2	2005	2952702	2952702	PRESERVED_SPECIMEN	HUEFS	HUEFS	HUEFS00101221	2720	R.B.Pinto		CC_BY_4_0	HUEFS	Fiaschi"," P.			2025-01-01T12:15:36.027Z		COORDINATE_ROUNDED;GEODETIC_DATUM_ASSUMED_WGS84;CONTINENT_DERIVED_FROM_COORDINATES;IDENTIFIED_DATE_INVALID;INSTITUTION_MATCH_FUZZY;COLLECTION_MATCH_FUZZY",,,
"4455784272	06f0d5c6-aeab-4205-ac9d-9b2d801a43a8	5538822	Plantae	Tracheophyta	Magnoliopsida	Fabales	Fabaceae	Peltogyne	Peltogyne recifensis		SPECIES	Peltogyne recifensis Ducke	Peltogyne recifensis Ducke	Ducke	BR	Mata de Dois IrmÃ£os. Folha CartogrÃ¡fica SC-25-V-A Coordenada Calculada.	Pernambuco	PRESENT		838537fc-4aeb-4980-8b58-97fbdcd1d91a	-8.053889	-34.881111			4.0				1961-11-23	23	11	1961	2952702	2952702	PRESERVED_SPECIMEN	IBGE	IBGE	IBGE00069237	871	Smith"," LB		CC_BY_4_0	IBGE	Tavares"," S			2025-01-01T12:45:04.847Z		COORDINATE_ROUNDED;GEODETIC_DATUM_ASSUMED_WGS84;CONTINENT_DERIVED_FROM_COORDINATES;IDENTIFIED_DATE_INVALID;INSTITUTION_MATCH_FUZZY;COLLECTION_MATCH_FUZZY",,,,,,
"2998210043	6cb1a437-f8a6-4bdc-a534-87cf2b710427	5409754	Plantae	Tracheophyta	Magnoliopsida	Fabales	Fabaceae	Peltogyne	Peltogyne recifensis		SPECIES	Peltogyne recifensis Ducke	Peltogyne recifensis Ducke	Ducke	BR	Serra do OrobÃ³. Trilha para o pÃ¡tio das orquÃ­deas.	Bahia	PRESENT		838537fc-4aeb-4980-8b58-97fbdcd1d91a					521.0				2004-12-19	19	12	2004	2952702	2952702	PRESERVED_SPECIMEN	HUEFS	HUEFS	HUEFS091269	9951	L.P.de Queiroz		CC_BY_4_0	HUEFS	Queiroz"," L.P.de			2025-01-01T12:15:35.938Z		COORDINATE_OUT_OF_RANGE;CONTINENT_DERIVED_FROM_COUNTRY;IDENTIFIED_DATE_INVALID;INSTITUTION_MATCH_FUZZY;COLLECTION_MATCH_FUZZY",,,,,,,
"2998101674	6cb1a437-f8a6-4bdc-a534-87cf2b710427	3917426	Plantae	Tracheophyta	Magnoliopsida	Fabales	Fabaceae	Peltogyne	Peltogyne recifensis		SPECIES	Peltogyne recifensis Ducke	Peltogyne recifensis Ducke	Ducke	BR	Serra do OrobÃ³. Trilha para o PÃ¡tio das OrquÃ­deas.	Bahia	PRESENT		838537fc-4aeb-4980-8b58-97fbdcd1d91a					230.0				2006-01-17	17	1	2006	2952702	2952702	PRESERVED_SPECIMEN	HUEFS	HUEFS	HUEFS105092	12013	L.P.de Queiroz & D.Cardoso		CC_BY_4_0	HUEFS	Queiroz"," L.P.de			2025-01-01T12:15:30.858Z		COORDINATE_OUT_OF_RANGE;COORDINATE_ROUNDED;CONTINENT_DERIVED_FROM_COUNTRY;IDENTIFIED_DATE_INVALID;INSTITUTION_MATCH_FUZZY;COLLECTION_MATCH_FUZZY",,,,,,,
"2996378631	143fd714-b939-4cf7-a078-acdde353a914	4369914	Plantae	Tracheophyta	Magnoliopsida	Fabales	Fabaceae	Peltogyne	Peltogyne recifensis		SPECIES	Peltogyne recifensis Ducke	Peltogyne recifensis Ducke	Ducke	BR	Rodovia IlhÃ©us-ItacarÃ© (BA 001)", na altura do km 20, estrada a esquerda. Acesso ao Retiro. Ramal vicinal ca 5,5km a direita," para a Lagoa Encantada. Floresta OmbrÃ³fila antropizada	Bahia	PRESENT		838537fc-4aeb-4980-8b58-97fbdcd1d91a	-14.586111	-39.117222			170.0	0.0			2005-02-19	19	2	2005	2952702	2952702	PRESERVED_SPECIMEN	MBML	MBML	MBML043485	2720	Administrador		CC_BY_4_0	MBML	P. Fiaschi;A.B. Rodrigues",J.L. PaixÃ£o," J.G. Jardim			2025-01-01T15:29:30.587Z		COORDINATE_ROUNDED;GEODETIC_DATUM_ASSUMED_WGS84;CONTINENT_DERIVED_FROM_COORDINATES;IDENTIFIED_DATE_INVALID;INSTITUTION_MATCH_FUZZY;COLLECTION_MATCH_FUZZY",,
"2452757607	b3769e61-c3d0-4046-81cf-bf4d6b23b444	https://specieslink.net/guid/150/871	Plantae	Tracheophyta	Magnoliopsida	Fabales	Fabaceae	Peltogyne	Peltogyne recifensis		SPECIES	Peltogyne recifensis Ducke	Peltogyne recifensis	Ducke	BR	Mata de Dois IrmÃ£os	Pernambuco	PRESENT		06542f02-868b-4651-aed4-1ae6b2eb4eb7									1961-11-23	23	11	1961	2952702	2952702	PRESERVED_SPECIMEN	UFRPE	HST	871	871	R.B.Pinto	2017-10-01T00:00:00	CC_BY_4_0	HerbÃ¡rio SÃ©rgio Tavares	S.Tavares		native	2025-01-12T15:48:11.556Z		CONTINENT_DERIVED_FROM_COUNTRY;INSTITUTION_MATCH_NONE",,,,,,,,
"2452751912	b3769e61-c3d0-4046-81cf-bf4d6b23b444	https://specieslink.net/guid/150/2575	Plantae	Tracheophyta	Magnoliopsida	Fabales	Fabaceae	Peltogyne	Peltogyne recifensis		SPECIES	Peltogyne recifensis Ducke	Peltogyne recifensis	Ducke	BR		Alagoas	PRESENT		06542f02-868b-4651-aed4-1ae6b2eb4eb7									1968-01-02	2	1	1968	2952702	2952702	PRESERVED_SPECIMEN	UFRPE	HST	2575	21874	R.B.Pinto	2017-10-01T00:00:00	CC_BY_4_0	HerbÃ¡rio SÃ©rgio Tavares	M.T.Monteiro		native	2025-01-12T15:48:09.481Z		CONTINENT_DERIVED_FROM_COUNTRY;INSTITUTION_MATCH_NONE",,,,,,,,
"2452751793	b3769e61-c3d0-4046-81cf-bf4d6b23b444	https://specieslink.net/guid/150/3608	Plantae	Tracheophyta	Magnoliopsida	Fabales	Fabaceae	Peltogyne	Peltogyne recifensis		SPECIES	Peltogyne recifensis Ducke	Peltogyne recifensis	Ducke	BR	Mata do Beque	Alagoas	PRESENT		06542f02-868b-4651-aed4-1ae6b2eb4eb7									1967-12-27	27	12	1967	2952702	2952702	PRESERVED_SPECIMEN	UFRPE	HST	3608	21864	S.Tavares	1971-09-28T00:00:00	CC_BY_4_0	HerbÃ¡rio SÃ©rgio Tavares	M.T.Monteiro		native	2025-01-12T15:48:10.976Z		CONTINENT_DERIVED_FROM_COUNTRY;INSTITUTION_MATCH_NONE",,,,,,,,
"2452748958	b3769e61-c3d0-4046-81cf-bf4d6b23b444	https://specieslink.net/guid/150/2987	Plantae	Tracheophyta	Magnoliopsida	Fabales	Fabaceae	Peltogyne	Peltogyne recifensis		SPECIES	Peltogyne recifensis Ducke	Peltogyne recifensis	Ducke	BR	FÃ¡brica SebastiÃ£o Ferreira	Alagoas	PRESENT		06542f02-868b-4651-aed4-1ae6b2eb4eb7									1968-11-04	4	11	1968	2952702	2952702	PRESERVED_SPECIMEN	UFRPE	HST	2987	22837	R.B.Pinto	2017-10-01T00:00:00	CC_BY_4_0	HerbÃ¡rio SÃ©rgio Tavares	M.T.Monteiro		native	2025-01-12T15:48:07.701Z		CONTINENT_DERIVED_FROM_COUNTRY;INSTITUTION_MATCH_NONE",,,,,,,,
"2452745866	b3769e61-c3d0-4046-81cf-bf4d6b23b444	https://specieslink.net/guid/150/1830	Plantae	Tracheophyta	Magnoliopsida	Fabales	Fabaceae	Peltogyne	Peltogyne recifensis		SPECIES	Peltogyne recifensis Ducke	Peltogyne recifensis	Ducke	BR	Mata de Dois IrmÃ£os	Pernambuco	PRESENT		06542f02-868b-4651-aed4-1ae6b2eb4eb7									1965-11-17	17	11	1965	2952702	2952702	PRESERVED_SPECIMEN	UFRPE	HST	1830	155			CC_BY_4_0	HerbÃ¡rio SÃ©rgio Tavares	J.S.Sobrinho		native	2025-01-12T15:48:06.230Z		CONTINENT_DERIVED_FROM_COUNTRY;INSTITUTION_MATCH_NONE",,,,,,,,
"2452742287	b3769e61-c3d0-4046-81cf-bf4d6b23b444	https://specieslink.net/guid/150/1596	Plantae	Tracheophyta	Magnoliopsida	Fabales	Fabaceae	Peltogyne	Peltogyne recifensis		SPECIES	Peltogyne recifensis Ducke	Peltogyne recifensis	Ducke	BR		Alagoas	PRESENT		06542f02-868b-4651-aed4-1ae6b2eb4eb7									1965-11-16	16	11	1965	2952702	2952702	PRESERVED_SPECIMEN	UFRPE	HST	1596	3360	S.Tavares	1966-02-15T00:00:00	CC_BY_4_0	HerbÃ¡rio SÃ©rgio Tavares	F.Paiva		native	2025-01-12T15:48:07.879Z		CONTINENT_DERIVED_FROM_COUNTRY;INSTITUTION_MATCH_NONE",,,,,,,,
"2235629382	7f5260c2-f762-11e1-a439-00145eb45e9a	present	Plantae	Tracheophyta	Magnoliopsida	Fabales	Fabaceae	Peltogyne	Peltogyne recifensis		SPECIES	Peltogyne recifensis Ducke	Peltogyne recifensis Ducke	Ducke	BR	""Brasil", Bahia, IlhÃ©us: Rodovia IlhÃ©us-ItacarÃ© (BA 001), na altura do km 20, estrada Ã  esquerda. Acesso ao Retiro. Ramal vicinal ca 5.5 km Ã  dereita, para a Lagoa Encantada, 170 m," 14Â°35'10""""S 39Â°7'2""""W.""		PRESENT		4e11d750-bafb-11d9-8e53-b8a03c50a862	-14.58611	-39.11722			170.0				2005-02-19	19	2	2005	2952702	2952702	PRESERVED_SPECIMEN	W	Herbarium W	2019-0002523	2720	R. B. Pinto 2016	2016-01-01T00:00:00	CC_BY_4_0		Fiaschi","P. et al. 2720			2025-01-17T15:54:47.021Z	StillImage	CONTINENT_DERIVED_FROM_COORDINATES;OCCURRENCE_STATUS_UNPARSABLE;INSTITUTION_MATCH_FUZZY;COLLECTION_MATCH_FUZZY"
"1928816852	d415c253-4d61-4459-9d25-4015b9084fb0	4a2dcce3-eeb6-4324-b677-f263f768f62b	Plantae	Tracheophyta	Magnoliopsida	Fabales	Fabaceae	Peltogyne	Peltogyne recifensis		SPECIES	Peltogyne recifensis Ducke	Peltogyne recifensis Ducke	Ducke	BR	Rodovia IlhÃ©us-ItacarÃ© (BA 001)", na altura do km 20, estrada Ã  esquerda. Acesso ao retiro. Ramal vicinal ca. 5,5 Km Ã  direita," para a Lagoa Encantada.	Bahia	PRESENT		ae447c50-b8a8-11d8-92a4-b8a03c50a862	-14.0528	-39.1172							2005-02-19	19	2	2005	2952702	2952702	PRESERVED_SPECIMEN	NY	NY	02636910	2720	R. B. Pinto	2016-05-01T00:00:00	CC0_1_0	The New York Botanical Garden	P. Fiaschi			2024-12-25T06:19:02.053Z	StillImage	GEODETIC_DATUM_ASSUMED_WGS84;MODIFIED_DATE_INVALID",,,,
"1803097996	b5adf05f-7dd4-45b0-9aad-5948c4c42899	https://specieslink.net/guid/215/76921	Plantae	Tracheophyta	Magnoliopsida	Fabales	Fabaceae	Peltogyne	Peltogyne recifensis		SPECIES	Peltogyne recifensis Ducke	Peltogyne recifensis	Ducke	BR	estrada Aldeia	Pernambuco	PRESENT		4205110f-3f0f-40d8-bd0f-2fa71bc827b5									1951-11-14	14	11	1951	2952702	2952702	PRESERVED_SPECIMEN	MN	R-TIPOS	76921	12			CC_BY_4_0	HerbÃ¡rio do Museu Nacional - ColeÃ§Ã£o de Tipos	Ducke", W.A.; Lima," D.A.	ISOTYPE	native	2025-01-12T15:51:43.456Z		CONTINENT_DERIVED_FROM_COUNTRY;COLLECTION_MATCH_NONE;INSTITUTION_MATCH_FUZZY;DIFFERENT_OWNER_INSTITUTION",,,,,,
"1424482596	4300f8d5-1ae5-49e5-a101-63894b005868	urn:catalog:JBRJ:RB:857363	Plantae	Tracheophyta	Magnoliopsida	Fabales	Fabaceae	Peltogyne	Peltogyne recifensis		SPECIES	Peltogyne recifensis Ducke	Peltogyne recifensis Ducke	Ducke	BR	Engenho Mamucaia.	Pernambuco	PRESENT		838537fc-4aeb-4980-8b58-97fbdcd1d91a	-8.050556	-35.052222							2008-01-06	6	1	2008	2952702	2952702	PRESERVED_SPECIMEN	JBRJ	RB	RB00857363	2598	F.J.KOCHANOVSKI	2015-09-15T00:00:00	CC_BY_4_0	Rio de Janeiro Botanical Garden	E.P. Queiroz; et al			2025-01-14T18:58:47.403Z	StillImage	COORDINATE_ROUNDED;GEODETIC_DATUM_ASSUMED_WGS84;CONTINENT_DERIVED_FROM_COORDINATES;INSTITUTION_MATCH_FUZZY;COLLECTION_MATCH_FUZZY",,,,,,,,
"1424416785	4300f8d5-1ae5-49e5-a101-63894b005868	urn:catalog:JBRJ:RB:717536	Plantae	Tracheophyta	Magnoliopsida	Fabales	Fabaceae	Peltogyne	Peltogyne recifensis		SPECIES	Peltogyne recifensis Ducke	Peltogyne recifensis Ducke	Ducke	BR	Rodovia IlhÃ©us-ItacarÃ© (BA 001)", na altura do km 20, estrada Ã  esquerda. Acesso ao Retiro. Ramal vicinal ca. 5,5 km Ã  direita," para a Lagoa Encantada.	Bahia	PRESENT		838537fc-4aeb-4980-8b58-97fbdcd1d91a	-14.586111	-39.117222			170.0				2005-02-19	19	2	2005	2952702	2952702	PRESERVED_SPECIMEN	JBRJ	RB	RB00717536	2720	F.J.KOCHANOVSKI		CC_BY_4_0	Rio de Janeiro Botanical Garden	P. Fiaschi; J.G. Jardim; J.L. PaixÃ£o; A.B. Rodrigues			2025-01-14T18:58:45.406Z	StillImage	COORDINATE_ROUNDED;GEODETIC_DATUM_ASSUMED_WGS84;CONTINENT_DERIVED_FROM_COORDINATES;INSTITUTION_MATCH_FUZZY;COLLECTION_MATCH_FUZZY",,,,
"1424255468	4300f8d5-1ae5-49e5-a101-63894b005868	urn:catalog:JBRJ:RB:539692	Plantae	Tracheophyta	Magnoliopsida	Fabales	Fabaceae	Peltogyne	Peltogyne recifensis		SPECIES	Peltogyne recifensis Ducke	Peltogyne recifensis Ducke	Ducke	BR	Margem inÃ­cio da estrada de Aldeia.	Pernambuco	PRESENT		838537fc-4aeb-4980-8b58-97fbdcd1d91a									1952-11-14	14	11	1952	2952702	2952702	PRESERVED_SPECIMEN	JBRJ	RB	RB00539692	000012			CC_BY_4_0	Rio de Janeiro Botanical Garden	Ducke", A.; Lima," A.	ISOTYPE		2025-01-14T18:58:40.719Z	StillImage	CONTINENT_DERIVED_FROM_COUNTRY;INSTITUTION_MATCH_FUZZY;COLLECTION_MATCH_FUZZY",,,,,,
"1319246423	821cc27a-e3bb-4bc5-ac34-89ada245069d	http://n2t.net/ark:/65665/35a6cc5e9-4383-48fa-b13e-bc900f11204a	Plantae	Tracheophyta	Magnoliopsida	Fabales	Fabaceae	Peltogyne	Peltogyne recifensis		SPECIES	Peltogyne recifensis Ducke	Peltogyne recifensis	Ducke	BR	Recife; mata de dois irmaos	Pernambuco	PRESENT	1	bc092ff0-02e4-11dc-991f-b8a03c50a862									1961-11-23	23	11	1961	2952702	2952702	PRESERVED_SPECIMEN	US	US	US 2403816	871	Sotuyo"," Solange		CC0_1_0		S. Tavares			2025-01-02T13:37:44.431Z	StillImage	OCCURRENCE_STATUS_INFERRED_FROM_INDIVIDUAL_COUNT",,,,,,,
"1123826172	9129ec89-afa7-45af-8b73-509f1f8942ab	https://specieslink.net/guid/111/43485	Plantae	Tracheophyta	Magnoliopsida	Fabales	Fabaceae	Peltogyne	Peltogyne recifensis		SPECIES	Peltogyne recifensis Ducke	Peltogyne cf. recifensis	Ducke	BR	Rodovia IlhÃ©us-ItacarÃ© (BA 001)", na altura do km 20, estrada a esquerda. Acesso ao Retiro. Ramal vicinal ca 5,5km a direita," para a Lagoa Encantada. Floresta OmbrÃ³fila antropizada	Bahia	PRESENT		667644b9-7b93-4892-80c7-c4271735c515	-14.586111	-39.117222			170.0	0.0			2005-02-19	19	2	2005	2952702	2952702	PRESERVED_SPECIMEN	INMA	MBML-HERBARIO	43485	2720	R.B. Pinto/IV-2016	2016-04-01T00:00:00	CC_BY_4_0	HerbÃ¡rio Mello LeitÃ£o	P. Fiaschi; J.L. PaixÃ£o"," J.G. Jardim & A.B. Rodrigues		native	2025-01-19T16:40:15.981Z		CONTINENT_DERIVED_FROM_COORDINATES;INSTITUTION_MATCH_NONE",,,
"1094916328	2e684fd6-09e2-4661-910a-0a188b610c04	https://specieslink.net/guid/204/199736	Plantae	Tracheophyta	Magnoliopsida	Fabales	Fabaceae	Peltogyne	Peltogyne recifensis		SPECIES	Peltogyne recifensis Ducke	Peltogyne recifensis	Ducke	BR	Rodovia IlhÃ©us-ItacarÃ© (BA 001)", na altura do km 20, estrada Ã  esquerda. Acesso ao retiro. Ramal vicinal ca. 5,5 Km Ã  direita," para a Lagoa Encantada.	Bahia	PRESENT		60545be9-4f28-4245-b4b4-07635c8dfa54	-14.586111	-39.117222			170.0	0.0			2005-02-19	19	2	2005	2952702	2952702	PRESERVED_SPECIMEN	UEFS	HUEFS	199736	2720	R.B.Pinto		CC_BY_4_0	Herbario da Universidade Estadual de Feira de Santana	Fiaschi"," P.		native	2025-01-19T16:44:49.950Z		CONTINENT_DERIVED_FROM_COORDINATES;INSTITUTION_MATCH_FUZZY;INSTITUTION_COLLECTION_MISMATCH;DIFFERENT_OWNER_INSTITUTION",,,
"1094822816	2e684fd6-09e2-4661-910a-0a188b610c04	https://specieslink.net/guid/204/105092	Plantae	Tracheophyta	Magnoliopsida	Fabales	Fabaceae	Peltogyne	Peltogyne recifensis		SPECIES	Peltogyne recifensis Ducke	Peltogyne recifensis	Ducke	BR	Serra do OrobÃ³. Trilha para o PÃ¡tio das OrquÃ­deas.	Bahia	PRESENT		60545be9-4f28-4245-b4b4-07635c8dfa54	-12.3025	-40.487778			230.0	0.0			2006-01-17	17	1	2006	2952702	2952702	PRESERVED_SPECIMEN	UEFS	HUEFS	105092	12013	L.P.de Queiroz & D.Cardoso	2006-12-01T00:00:00	CC_BY_4_0	Herbario da Universidade Estadual de Feira de Santana	Queiroz"," L.P.de		native	2025-01-19T16:44:47.444Z		CONTINENT_DERIVED_FROM_COORDINATES;INSTITUTION_MATCH_FUZZY;INSTITUTION_COLLECTION_MISMATCH;DIFFERENT_OWNER_INSTITUTION",,,,,,,
"1094818965	2e684fd6-09e2-4661-910a-0a188b610c04	https://specieslink.net/guid/204/101221	Plantae	Tracheophyta	Magnoliopsida	Fabales	Fabaceae	Peltogyne	Peltogyne recifensis		SPECIES	Peltogyne recifensis Ducke	Peltogyne recifensis	Ducke	BR	Rodovia IlhÃ©us-ItacarÃ© (BA 001)", na altura do Km 20, estrada Ã  esquerda. Acesso ao Retiro. Ramal vicinal ca. 5,5 Km Ã  direita," para a Lagoa Encantada.	Bahia	PRESENT		60545be9-4f28-4245-b4b4-07635c8dfa54	-14.586111	-39.117222			170.0	0.0			2005-02-19	19	2	2005	2952702	2952702	PRESERVED_SPECIMEN	UEFS	HUEFS	101221	2720	R.B.Pinto		CC_BY_4_0	Herbario da Universidade Estadual de Feira de Santana	Fiaschi"," P.		native	2025-01-19T16:44:47.348Z		CONTINENT_DERIVED_FROM_COORDINATES;INSTITUTION_MATCH_FUZZY;INSTITUTION_COLLECTION_MISMATCH;DIFFERENT_OWNER_INSTITUTION",,,
"1094809138	2e684fd6-09e2-4661-910a-0a188b610c04	https://specieslink.net/guid/204/91269	Plantae	Tracheophyta	Magnoliopsida	Fabales	Fabaceae	Peltogyne	Peltogyne recifensis		SPECIES	Peltogyne recifensis Ducke	Peltogyne recifensis	Ducke	BR	Serra do OrobÃ³. Trilha para o pÃ¡tio das orquÃ­deas.	Bahia	PRESENT		60545be9-4f28-4245-b4b4-07635c8dfa54	-12.3025	-40.4875			521.0	0.0			2004-12-19	19	12	2004	2952702	2952702	PRESERVED_SPECIMEN	UEFS	HUEFS	91269	9951	L.P.de Queiroz	2006-12-01T00:00:00	CC_BY_4_0	Herbario da Universidade Estadual de Feira de Santana	Queiroz"," L.P.de		native	2025-01-19T16:44:46.884Z		CONTINENT_DERIVED_FROM_COORDINATES;INSTITUTION_MATCH_FUZZY;INSTITUTION_COLLECTION_MISMATCH;DIFFERENT_OWNER_INSTITUTION",,,,,,,
"1090946575	da8a0dd0-85c7-4d7a-8a5a-e66b1deaebaa	https://specieslink.net/guid/159/15404	Plantae	Tracheophyta	Magnoliopsida	Fabales	Fabaceae	Peltogyne	Peltogyne recifensis		SPECIES	Peltogyne recifensis Ducke	Peltogyne recifensis	Ducke	BR	Mata de Dois IrmÃ£os"," CÃ³rrego do SabiÃ¡	Pernambuco	PRESENT		06542f02-868b-4651-aed4-1ae6b2eb4eb7	-8.054167	-34.881111							1965-11-17	17	11	1965	2952702	2952702	PRESERVED_SPECIMEN	UFRPE	PEUFR	15404	155	S. Tavares	1966-04-20T00:00:00	CC_BY_4_0	HerbÃ¡rio Professor Vasconcelos Sobrinho	J.S. Sobrinho		native	2025-01-19T16:40:06.521Z		CONTINENT_DERIVED_FROM_COORDINATES;INSTITUTION_MATCH_NONE",,,,,,,
"1090946568	da8a0dd0-85c7-4d7a-8a5a-e66b1deaebaa	https://specieslink.net/guid/159/15405	Plantae	Tracheophyta	Magnoliopsida	Fabales	Fabaceae	Peltogyne	Peltogyne recifensis		SPECIES	Peltogyne recifensis Ducke	Peltogyne recifensis	Ducke	BR	Povoado Gajuru	Alagoas	PRESENT		06542f02-868b-4651-aed4-1ae6b2eb4eb7									1965-11-16	16	11	1965	2952702	2952702	PRESERVED_SPECIMEN	UFRPE	PEUFR	15405	3360	S. Tavares	1966-02-15T00:00:00	CC_BY_4_0	HerbÃ¡rio Professor Vasconcelos Sobrinho	S. Tavares		native	2025-01-19T16:40:06.522Z		CONTINENT_DERIVED_FROM_COUNTRY;INSTITUTION_MATCH_NONE",,,,,,,,
"1090946526	da8a0dd0-85c7-4d7a-8a5a-e66b1deaebaa	https://specieslink.net/guid/159/15403	Plantae	Tracheophyta	Magnoliopsida	Fabales	Fabaceae	Peltogyne	Peltogyne recifensis		SPECIES	Peltogyne recifensis Ducke	Peltogyne recifensis	Ducke	BR	Mata do Beque	Alagoas	PRESENT		06542f02-868b-4651-aed4-1ae6b2eb4eb7									1967-12-28	28	12	1967	2952702	2952702	PRESERVED_SPECIMEN	UFRPE	PEUFR	15403	21864	S. Tavares		CC_BY_4_0	HerbÃ¡rio Professor Vasconcelos Sobrinho	M.T. Monteiro		native	2025-01-19T16:40:06.513Z		CONTINENT_DERIVED_FROM_COUNTRY;INSTITUTION_MATCH_NONE",,,,,,,,
"1090944757	da8a0dd0-85c7-4d7a-8a5a-e66b1deaebaa	https://specieslink.net/guid/159/12266	Plantae	Tracheophyta	Magnoliopsida	Fabales	Fabaceae	Peltogyne	Peltogyne recifensis		SPECIES	Peltogyne recifensis Ducke	Peltogyne recifensis	Ducke	BR	Mata de Dois IrmÃ£os	Pernambuco	PRESENT		06542f02-868b-4651-aed4-1ae6b2eb4eb7	-8.054167	-34.881111							1991-12-05	5	12	1991	2952702	2952702	PRESERVED_SPECIMEN	UFRPE	PEUFR	12266		R. Pereira		CC_BY_4_0	HerbÃ¡rio Professor Vasconcelos Sobrinho	Marta; FÃ¡tima; Paulo		native	2025-01-19T16:40:09.389Z		CONTINENT_DERIVED_FROM_COORDINATES;INSTITUTION_MATCH_NONE",,,,,,,,
"1087043605	1e0f3d99-eb02-4806-b6a4-e903568129ec	https://specieslink.net/guid/155/786	Plantae	Tracheophyta	Magnoliopsida	Fabales	Fabaceae	Peltogyne	Peltogyne recifensis		SPECIES	Peltogyne recifensis Ducke	Peltogyne recifensis	Ducke	BR	Mata de dois irmÃ£os.	Pernambuco	PRESENT		b7ea834f-8d60-40ea-ab2c-5057000f0afd									1961-11-23	23	11	1961	2952702	2952702	PRESERVED_SPECIMEN	UFPE	UFP	786	871	Smith"," LB	1961-11-23T00:00:00	CC_BY_4_0	HerbÃ¡rio UFP - Geraldo Mariz	S. Tavares		native	2025-01-24T21:30:34.079Z		CONTINENT_DERIVED_FROM_COUNTRY;INSTITUTION_MATCH_NONE",,,,,,,
"1087043181	1e0f3d99-eb02-4806-b6a4-e903568129ec	https://specieslink.net/guid/155/72	Plantae	Tracheophyta	Magnoliopsida	Fabales	Fabaceae	Peltogyne	Peltogyne recifensis		SPECIES	Peltogyne recifensis Ducke	Peltogyne recifensis	Ducke	BR	Mata de dois irmÃ£os.	Pernambuco	PRESENT		b7ea834f-8d60-40ea-ab2c-5057000f0afd									1951-12-14	14	12	1951	2952702	2952702	PRESERVED_SPECIMEN	UFPE	UFP	72	958			CC_BY_4_0	HerbÃ¡rio UFP - Geraldo Mariz	Lima"," A		native	2025-01-24T21:30:49.635Z		CONTINENT_DERIVED_FROM_COUNTRY;INSTITUTION_MATCH_NONE",,,,,,,
"1077572410	f45c5ee0-e5ec-42e3-a80a-07318144efa4	https://specieslink.net/guid/148/75624	Plantae	Tracheophyta	Magnoliopsida	Fabales	Fabaceae	Peltogyne	Peltogyne recifensis		SPECIES	Peltogyne recifensis Ducke	Peltogyne recifensis	Ducke	BR		Alagoas	PRESENT		202d5f34-ff58-4ad7-964f-c947ce18078e									1968-01-02	2	1	1968	2952702	2952702	PRESERVED_SPECIMEN	IPA	IPA	75624	21874	MercÃªs"," P.F.F. das	2011-05-23T00:00:00	CC_BY_4_0	HerbÃ¡rio - IPA DÃ¡rdano de Andrade Lima	Monteiro"," M.T.		native	2025-01-19T16:43:54.529Z		INSTITUTION_MATCH_FUZZY;COLLECTION_MATCH_FUZZY;DIFFERENT_OWNER_INSTITUTION",,,,,,
"1077571800	f45c5ee0-e5ec-42e3-a80a-07318144efa4	https://specieslink.net/guid/148/74990	Plantae	Tracheophyta	Magnoliopsida	Fabales	Fabaceae	Peltogyne	Peltogyne recifensis		SPECIES	Peltogyne recifensis Ducke	Peltogyne recifensis	Ducke	BR	Mata Dois IrmÃ£os. Corrego do SabiÃ¡.	Pernambuco	PRESENT		202d5f34-ff58-4ad7-964f-c947ce18078e									1965-11-17	17	11	1965	2952702	2952702	PRESERVED_SPECIMEN	IPA	IPA	74990	155			CC_BY_4_0	HerbÃ¡rio - IPA DÃ¡rdano de Andrade Lima	Sobrinho"," J.S.		native	2025-01-19T16:44:00.472Z		INSTITUTION_MATCH_FUZZY;COLLECTION_MATCH_FUZZY;DIFFERENT_OWNER_INSTITUTION",,,,,,,
"1077547731	f45c5ee0-e5ec-42e3-a80a-07318144efa4	https://specieslink.net/guid/148/45583	Plantae	Tracheophyta	Magnoliopsida	Fabales	Fabaceae	Peltogyne	Peltogyne recifensis		SPECIES	Peltogyne recifensis Ducke	Peltogyne recifensis	Ducke	BR	Nordeste		PRESENT		202d5f34-ff58-4ad7-964f-c947ce18078e									1980-02-15	15	2	1980	2952702	2952702	PRESERVED_SPECIMEN	IPA	IPA	45583	8837	CÃ³rdula"," E.	2013-09-25T00:00:00	CC_BY_4_0	HerbÃ¡rio - IPA DÃ¡rdano de Andrade Lima	Andrade-Lima		native	2025-01-19T16:43:53.575Z		INSTITUTION_MATCH_FUZZY;COLLECTION_MATCH_FUZZY;DIFFERENT_OWNER_INSTITUTION",,,,,,,
"1077517483	f45c5ee0-e5ec-42e3-a80a-07318144efa4	https://specieslink.net/guid/148/7442	Plantae	Tracheophyta	Magnoliopsida	Fabales	Fabaceae	Peltogyne	Peltogyne recifensis		SPECIES	Peltogyne recifensis Ducke	Peltogyne recifensis	Ducke	BR	Mata de Dois de IrmÃ£os	Pernambuco	PRESENT		202d5f34-ff58-4ad7-964f-c947ce18078e									1954-11-01	1	11	1954	2952702	2952702	PRESERVED_SPECIMEN	IPA	IPA	7442	1918	Andrade-Lima		CC_BY_4_0	HerbÃ¡rio - IPA DÃ¡rdano de Andrade Lima	Andrade-Lima		native	2025-01-19T16:43:59.473Z		INSTITUTION_MATCH_FUZZY;COLLECTION_MATCH_FUZZY;DIFFERENT_OWNER_INSTITUTION",,,,,,,,
"1077512939	f45c5ee0-e5ec-42e3-a80a-07318144efa4	https://specieslink.net/guid/148/2407	Plantae	Tracheophyta	Magnoliopsida	Fabales	Fabaceae	Peltogyne	Peltogyne recifensis		SPECIES	Peltogyne recifensis Ducke	Peltogyne recifensis	Ducke	BR	Mata de Dois IrmÃ£os	Pernambuco	PRESENT		202d5f34-ff58-4ad7-964f-c947ce18078e									1951-12-14	14	12	1951	2952702	2952702	PRESERVED_SPECIMEN	IPA	IPA	2407	958			CC_BY_4_0	HerbÃ¡rio - IPA DÃ¡rdano de Andrade Lima	Andrade-Lima		native	2025-01-19T16:43:51.470Z		INSTITUTION_MATCH_FUZZY;COLLECTION_MATCH_FUZZY;DIFFERENT_OWNER_INSTITUTION",,,,,,,,
"1077512723	f45c5ee0-e5ec-42e3-a80a-07318144efa4	https://specieslink.net/guid/148/2219	Plantae	Tracheophyta	Magnoliopsida	Fabales	Fabaceae	Peltogyne	Peltogyne recifensis		SPECIES	Peltogyne recifensis Ducke	Peltogyne recifensis	Ducke	BR	InÃ­cio da estrada de Aldeia	Pernambuco	PRESENT		202d5f34-ff58-4ad7-964f-c947ce18078e									1951-11-14	14	11	1951	2952702	2952702	PRESERVED_SPECIMEN	IPA	IPA	2219	12			CC_BY_4_0	HerbÃ¡rio - IPA DÃ¡rdano de Andrade Lima	Ducke"," A.; Andrade-Lima; Andrade-Lima		native	2025-01-19T16:43:52.037Z		INSTITUTION_MATCH_FUZZY;COLLECTION_MATCH_FUZZY;DIFFERENT_OWNER_INSTITUTION",,,,,,,
"1042584934	3cc6171e-8c52-4f65-ad7a-32c74e395f29	urn:catalog:inpa:herbarium:118990	Plantae	Tracheophyta	Magnoliopsida	Fabales	Fabaceae	Peltogyne	Peltogyne recifensis		SPECIES	Peltogyne recifensis Ducke	Peltogyne recifensis Ducke		BR	Pov. GajurÃº.	Alagoas	PRESENT		c0d9c91a-0f83-4819-bf7e-bb5e1184eb6b					0.0	0.0			1965-02-16	16	2	1965	2952702	2952702	PRESERVED_SPECIMEN	Instituto Nacional de Pesquisas da AmazÃ´nia (INPA)	ColeÃ§Ã£o BotÃ¢nica"," Instituto Nacional de Pesquisas da AmazÃ´nia (INPA)	20780	3360	Silva"," M.F. da	1975-01-01T00:00:00	CC0_1_0	Instituto Nacional de Pesquisas da AmazÃ´nia (INPA)	Mike Hopkins			2024-10-07T09:08:18.633Z		INSTITUTION_MATCH_NONE",,,,,,
