"gbifID	datasetKey	occurrenceID	kingdom	phylum	class	order	family	genus	species	infraspecificEpithet	taxonRank	scientificName	verbatimScientificName	verbatimScientificNameAuthorship	countryCode	locality	stateProvince	occurrenceStatus	individualCount	publishingOrgKey	decimalLatitude	decimalLongitude	coordinateUncertaintyInMeters	coordinatePrecision	elevation	elevationAccuracy	depth	depthAccuracy	eventDate	day	month	year	taxonKey	speciesKey	basisOfRecord	institutionCode	collectionCode	catalogNumber	recordNumber	identifiedBy	dateIdentified	license	rightsHolder	recordedBy	typeStatus	establishmentMeans	lastInterpreted	mediaType	issue",,,,,,,,,,
"864890195	85714c48-f762-11e1-a439-00145eb45e9a	https://herbarium.bgbm.org/object/B100243149	Plantae	Tracheophyta	Magnoliopsida	Magnoliales	Annonaceae	Porcelia	Porcelia ponderosa		SPECIES	Porcelia ponderosa (Rusby) Rusby	Porcelia ponderosa (Rusby) Rusby		BO	Dpto. Santa Cruz; Prov. Del Sara.		PRESENT		57254bd0-8256-11d8-b7ed-b8a03c50a862									1916-10-30	30	10	1916	3156215	3156215	PRESERVED_SPECIMEN	B	Herbarium Berolinense	B 10 0243149	3111			CC0_1_0		Steinbach","J.			2025-01-21T08:45:48.500Z	StillImage	CONTINENT_DERIVED_FROM_COUNTRY;INSTITUTION_MATCH_FUZZY",,,,,,,,,
"4526414576	021cf0d3-aae6-417d-8682-ae535d17de89	urn:catalog:catalogo-ucs-brasil:Reserva Extrativista Chico Mendes:NY:NY00865639	Plantae	Tracheophyta	Magnoliopsida	Magnoliales	Annonaceae	Porcelia	Porcelia ponderosa		SPECIES	Porcelia ponderosa (Rusby) Rusby	Porcelia ponderosa (Rusby) Rusby	Angiospermas	BR	Bacia do Rio Purus", Fazenda Nova Olinda, Carreador dos Palmares," ca. 8 km da sede	Acre	PRESENT		838537fc-4aeb-4980-8b58-97fbdcd1d91a	-10.12	-69.22							1993-10-21	21	10	1993	3156215	3156215	PRESERVED_SPECIMEN		New York Botanical Garden	NY00865639	572	P. J. M. Maas; L. W. Chatrou	1996-01-01T00:00:00	CC_BY_4_0	New York Botanical Garden	M. Silveira;			2025-01-01T12:12:26.062Z		COORDINATE_ROUNDED;GEODETIC_DATUM_ASSUMED_WGS84;CONTINENT_DERIVED_FROM_COORDINATES;TAXON_MATCH_TAXON_ID_IGNORED;INSTITUTION_MATCH_NONE",,,,,,,
"4459020887	15f819bd-6612-4447-854b-14d12ee1022d	https://data.biodiversitydata.nl/naturalis/specimen/U.1617203	Plantae	Tracheophyta	Magnoliopsida	Magnoliales	Annonaceae	Porcelia	Porcelia ponderosa		SPECIES	Porcelia ponderosa (Rusby) Rusby	Porcelia ponderosa (Rusby) Rusby	(Rusby) Rusby	BR	Floresta Estadual do Antimari"," Colocacao Ilha.	Acre	PRESENT		396d5f30-dea9-11db-8ab4-b8a03c50a862									1991-09-29	29	9	1991	3156215	3156215	PRESERVED_SPECIMEN		Botany	U.1617203	Sothers", CA; Santos," AJB 25	Murray NA		CC0_1_0	Naturalis Biodiversity Center	Sothers CA; Santos AJB			2024-11-01T10:28:01.513Z		",,,,,,,
"4459016904	15f819bd-6612-4447-854b-14d12ee1022d	https://data.biodiversitydata.nl/naturalis/specimen/U.1617301	Plantae	Tracheophyta	Magnoliopsida	Magnoliales	Annonaceae	Porcelia	Porcelia ponderosa		SPECIES	Porcelia ponderosa (Rusby) Rusby	Porcelia ponderosa (Rusby) Rusby	(Rusby) Rusby	BR	Sena Madureira; Basin of Rio Purus", Rio Macaua. River descending, 3 m below high water mark. Seringal Universo," Colocacao Cumaru.	Acre	PRESENT		396d5f30-dea9-11db-8ab4-b8a03c50a862	-8.4275	-71.32472							1994-09-21	21	9	1994	3156215	3156215	PRESERVED_SPECIMEN		Botany	U.1617301	Daly"," DC; et al. 8295	Murray NA		CC0_1_0	Naturalis Biodiversity Center	Daly DC; et al.			2024-11-01T10:28:03.719Z		",,,,,,
"4062184773	e053ff53-c156-4e2e-b9b5-4462e9625424	urn:catalog:MO:Tropicos:102170348	Plantae	Tracheophyta	Magnoliopsida	Magnoliales	Annonaceae	Porcelia	Porcelia ponderosa		SPECIES	Porcelia ponderosa (Rusby) Rusby	Porcelia ponderosa (Rusby) Rusby	(Rusby) Rusby	PE	Dist. Mazuco", Puerto Maldonado," Bosque Secundario.	Madre de Dios	PRESENT	10	90fd6680-349f-11d8-aa2d-b8a03c50a862	-13.04583	-70.34444			400.0				2004-10-15	15	10	2004	3156215	3156215	PRESERVED_SPECIMEN	CUZ	Tropicos	102170348	4132	P. Maas & H. Maas (WAG)	2008-01-01T00:00:00	CC_BY_4_0	Missouri Botanical Garden	Luis Valenzuela G.;E. Suclli;V. Chama;J. Latorre			2025-01-25T18:15:13.398Z		GEODETIC_DATUM_ASSUMED_WGS84;TAXON_MATCH_TAXON_ID_IGNORED;OCCURRENCE_STATUS_INFERRED_FROM_INDIVIDUAL_COUNT;COLLECTION_MATCH_NONE;INSTITUTION_MATCH_FUZZY;DIFFERENT_OWNER_INSTITUTION",,,,,,,,
"4062157589	e053ff53-c156-4e2e-b9b5-4462e9625424	urn:catalog:MO:Tropicos:102062070	Plantae	Tracheophyta	Magnoliopsida	Magnoliales	Annonaceae	Porcelia	Porcelia ponderosa		SPECIES	Porcelia ponderosa (Rusby) Rusby	Porcelia ponderosa (Rusby) Rusby	(Rusby) Rusby	PE	Dist. Echarate", Socorro," Bosque Primario Intervenido	Cusco	PRESENT	6	90fd6680-349f-11d8-aa2d-b8a03c50a862	-12.816667	-72.566667			1757.0				2003-09-26	26	9	2003	3156215	3156215	PRESERVED_SPECIMEN	HUT	Tropicos	102062070	2017	N.A. Murray (OWU)	2021-01-01T00:00:00	CC_BY_4_0	Missouri Botanical Garden	Gloria Calatayud;E. Suclli;Jim FarfÃ¡n;L. CÃ¡rdenas;Yesenia Vizcardo			2025-01-25T18:16:54.092Z		COORDINATE_ROUNDED;GEODETIC_DATUM_ASSUMED_WGS84;TAXON_MATCH_TAXON_ID_IGNORED;OCCURRENCE_STATUS_INFERRED_FROM_INDIVIDUAL_COUNT;AMBIGUOUS_INSTITUTION",,,,,,,,
"4062120006	e053ff53-c156-4e2e-b9b5-4462e9625424	urn:catalog:MO:Tropicos:102170346	Plantae	Tracheophyta	Magnoliopsida	Magnoliales	Annonaceae	Porcelia	Porcelia ponderosa		SPECIES	Porcelia ponderosa (Rusby) Rusby	Porcelia ponderosa (Rusby) Rusby	(Rusby) Rusby	PE	Dist. Mazuco", Puerto Maldonado," Bosque Secundario.	Madre de Dios	PRESENT	10	90fd6680-349f-11d8-aa2d-b8a03c50a862	-13.04583	-70.34444			400.0				2004-10-15	15	10	2004	3156215	3156215	PRESERVED_SPECIMEN	AMAZ	Tropicos	102170346	4132	P. Maas & H. Maas (WAG)	2008-01-01T00:00:00	CC_BY_4_0	Missouri Botanical Garden	Luis Valenzuela G.;E. Suclli;V. Chama;J. Latorre			2025-01-25T18:15:13.495Z		GEODETIC_DATUM_ASSUMED_WGS84;TAXON_MATCH_TAXON_ID_IGNORED;OCCURRENCE_STATUS_INFERRED_FROM_INDIVIDUAL_COUNT;COLLECTION_MATCH_NONE;INSTITUTION_MATCH_FUZZY;DIFFERENT_OWNER_INSTITUTION",,,,,,,,
"4061840051	e053ff53-c156-4e2e-b9b5-4462e9625424	urn:catalog:MO:Tropicos:102726726	Plantae	Tracheophyta	Magnoliopsida	Magnoliales	Annonaceae	Porcelia	Porcelia ponderosa		SPECIES	Porcelia ponderosa (Rusby) Rusby	Porcelia ponderosa (Rusby) Rusby	(Rusby) Rusby	PE	Dist. PalcazÃº. Comunidad Nativa Alto Lagarto - Reserva Comunal Yanesha.	Pasco	PRESENT	5	90fd6680-349f-11d8-aa2d-b8a03c50a862	-10.151944	-75.392222			584.0				2009-09-30	30	9	2009	3156215	3156215	PRESERVED_SPECIMEN	HOXA	Tropicos	102726726	7026	Paul Maas (L)	2013-01-01T00:00:00	CC_BY_4_0	Missouri Botanical Garden	RocÃ­o Rojas;G. Ortiz			2025-01-25T18:15:20.709Z	StillImage	COORDINATE_ROUNDED;GEODETIC_DATUM_ASSUMED_WGS84;TAXON_MATCH_TAXON_ID_IGNORED;OCCURRENCE_STATUS_INFERRED_FROM_INDIVIDUAL_COUNT;COLLECTION_MATCH_NONE;INSTITUTION_MATCH_FUZZY;DIFFERENT_OWNER_INSTITUTION",,,,,,,,,,
"4061530106	e053ff53-c156-4e2e-b9b5-4462e9625424	urn:catalog:MO:Tropicos:102170350	Plantae	Tracheophyta	Magnoliopsida	Magnoliales	Annonaceae	Porcelia	Porcelia ponderosa		SPECIES	Porcelia ponderosa (Rusby) Rusby	Porcelia ponderosa (Rusby) Rusby	(Rusby) Rusby	PE	Dist. Mazuco", Puerto Maldonado," Bosque Secundario.	Madre de Dios	PRESENT	10	90fd6680-349f-11d8-aa2d-b8a03c50a862	-13.04583	-70.34444			400.0				2004-10-15	15	10	2004	3156215	3156215	PRESERVED_SPECIMEN	HUT	Tropicos	102170350	4132	P. Maas & H. Maas (WAG)	2008-01-01T00:00:00	CC_BY_4_0	Missouri Botanical Garden	Luis Valenzuela G.;E. Suclli;V. Chama;J. Latorre			2025-01-25T18:16:54.094Z		GEODETIC_DATUM_ASSUMED_WGS84;TAXON_MATCH_TAXON_ID_IGNORED;OCCURRENCE_STATUS_INFERRED_FROM_INDIVIDUAL_COUNT;AMBIGUOUS_INSTITUTION",,,,,,,,
"4061522449	e053ff53-c156-4e2e-b9b5-4462e9625424	urn:catalog:MO:Tropicos:102170347	Plantae	Tracheophyta	Magnoliopsida	Magnoliales	Annonaceae	Porcelia	Porcelia ponderosa		SPECIES	Porcelia ponderosa (Rusby) Rusby	Porcelia ponderosa (Rusby) Rusby	(Rusby) Rusby	PE	Dist. Mazuco", Puerto Maldonado," Bosque Secundario.	Madre de Dios	PRESENT	10	90fd6680-349f-11d8-aa2d-b8a03c50a862	-13.04583	-70.34444			400.0				2004-10-15	15	10	2004	3156215	3156215	PRESERVED_SPECIMEN	USM	Tropicos	102170347	4132	P. Maas & H. Maas (WAG)	2008-01-01T00:00:00	CC_BY_4_0	Missouri Botanical Garden	Luis Valenzuela G.;E. Suclli;V. Chama;J. Latorre			2025-01-25T18:15:13.590Z		GEODETIC_DATUM_ASSUMED_WGS84;TAXON_MATCH_TAXON_ID_IGNORED;OCCURRENCE_STATUS_INFERRED_FROM_INDIVIDUAL_COUNT;AMBIGUOUS_INSTITUTION",,,,,,,,
"4061411046	e053ff53-c156-4e2e-b9b5-4462e9625424	urn:catalog:MO:Tropicos:102062068	Plantae	Tracheophyta	Magnoliopsida	Magnoliales	Annonaceae	Porcelia	Porcelia ponderosa		SPECIES	Porcelia ponderosa (Rusby) Rusby	Porcelia ponderosa (Rusby) Rusby	(Rusby) Rusby	PE	Dist. Echarate", Socorro," Bosque Primario Intervenido	Cusco	PRESENT	6	90fd6680-349f-11d8-aa2d-b8a03c50a862	-12.816667	-72.566667			1757.0				2003-09-26	26	9	2003	3156215	3156215	PRESERVED_SPECIMEN	CUZ	Tropicos	102062068	2017	N.A. Murray (OWU)	2021-01-01T00:00:00	CC_BY_4_0	Missouri Botanical Garden	Gloria Calatayud;E. Suclli;Jim FarfÃ¡n;L. CÃ¡rdenas;Yesenia Vizcardo			2025-01-25T18:16:52.948Z		COORDINATE_ROUNDED;GEODETIC_DATUM_ASSUMED_WGS84;TAXON_MATCH_TAXON_ID_IGNORED;OCCURRENCE_STATUS_INFERRED_FROM_INDIVIDUAL_COUNT;COLLECTION_MATCH_NONE;INSTITUTION_MATCH_FUZZY;DIFFERENT_OWNER_INSTITUTION",,,,,,,,
"4061134177	e053ff53-c156-4e2e-b9b5-4462e9625424	urn:catalog:MO:Tropicos:102726725	Plantae	Tracheophyta	Magnoliopsida	Magnoliales	Annonaceae	Porcelia	Porcelia ponderosa		SPECIES	Porcelia ponderosa (Rusby) Rusby	Porcelia ponderosa (Rusby) Rusby	(Rusby) Rusby	PE	Dist. PalcazÃº. Comunidad Nativa Alto Lagarto - Reserva Comunal Yanesha.	Pasco	PRESENT	5	90fd6680-349f-11d8-aa2d-b8a03c50a862	-10.151944	-75.392222			584.0				2009-09-30	30	9	2009	3156215	3156215	PRESERVED_SPECIMEN	HUT	Tropicos	102726725	7026	Paul Maas (L)	2013-01-01T00:00:00	CC_BY_4_0	Missouri Botanical Garden	RocÃ­o Rojas;G. Ortiz			2025-01-25T18:15:20.756Z	StillImage	COORDINATE_ROUNDED;GEODETIC_DATUM_ASSUMED_WGS84;TAXON_MATCH_TAXON_ID_IGNORED;OCCURRENCE_STATUS_INFERRED_FROM_INDIVIDUAL_COUNT;AMBIGUOUS_INSTITUTION",,,,,,,,,,
"4060970456	e053ff53-c156-4e2e-b9b5-4462e9625424	urn:catalog:MO:Tropicos:102452939	Plantae	Tracheophyta	Magnoliopsida	Magnoliales	Annonaceae	Porcelia	Porcelia ponderosa		SPECIES	Porcelia ponderosa (Rusby) Rusby	Porcelia ponderosa (Rusby) Rusby	(Rusby) Rusby	PE	Distrito KosÃ±ipata. Quebrada Sacharacayo. Bosque primario sobre colina.	Cusco	PRESENT	2	90fd6680-349f-11d8-aa2d-b8a03c50a862	-12.875	-71.49083			544.0				2007-10-30	30	10	2007	3156215	3156215	PRESERVED_SPECIMEN	CUZ	Tropicos	102452939	33026	P.J.M. Maas & G.E. Schatz	2012-01-01T00:00:00	CC_BY_4_0	Missouri Botanical Garden	Rodolfo VÃ¡squez;Christopher Davidson;Sharon R. Christoph;Jim FarfÃ¡n;E. Suclli;A. PeÃ±a Cruz			2025-01-25T18:16:58.929Z		GEODETIC_DATUM_ASSUMED_WGS84;TAXON_MATCH_TAXON_ID_IGNORED;OCCURRENCE_STATUS_INFERRED_FROM_INDIVIDUAL_COUNT;COLLECTION_MATCH_NONE;INSTITUTION_MATCH_FUZZY;DIFFERENT_OWNER_INSTITUTION",,,,,,,,,,
"4032087717	7bd65a7a-f762-11e1-a439-00145eb45e9a	urn:catalog:MO:Tropicos:102062069	Plantae	Tracheophyta	Magnoliopsida	Magnoliales	Annonaceae	Porcelia	Porcelia ponderosa		SPECIES	Porcelia ponderosa (Rusby) Rusby	Porcelia ponderosa (Rusby) Rusby	(Rusby) Rusby	PE	Dist. Echarate", Socorro," Bosque Primario Intervenido	Cusco	PRESENT	6	90fd6680-349f-11d8-aa2d-b8a03c50a862	-12.816667	-72.566667			1757.0				2003-09-26	26	9	2003	3156215	3156215	PRESERVED_SPECIMEN	MO	Tropicos	102062069	2017	N.A. Murray (OWU)	2021-01-01T00:00:00	CC_BY_4_0	Missouri Botanical Garden	Gloria Calatayud;E. Suclli;Jim FarfÃ¡n;L. CÃ¡rdenas;Yesenia Vizcardo			2025-01-25T19:30:22.859Z		COORDINATE_ROUNDED;GEODETIC_DATUM_ASSUMED_WGS84;TAXON_MATCH_TAXON_ID_IGNORED;OCCURRENCE_STATUS_INFERRED_FROM_INDIVIDUAL_COUNT;COLLECTION_MATCH_NONE;INSTITUTION_MATCH_FUZZY",,,,,,,,
"4031705832	7bd65a7a-f762-11e1-a439-00145eb45e9a	urn:catalog:MO:Tropicos:102726724	Plantae	Tracheophyta	Magnoliopsida	Magnoliales	Annonaceae	Porcelia	Porcelia ponderosa		SPECIES	Porcelia ponderosa (Rusby) Rusby	Porcelia ponderosa (Rusby) Rusby	(Rusby) Rusby	PE	Dist. PalcazÃº. Comunidad Nativa Alto Lagarto - Reserva Comunal Yanesha.	Pasco	PRESENT	5	90fd6680-349f-11d8-aa2d-b8a03c50a862	-10.151944	-75.392222			584.0				2009-09-30	30	9	2009	3156215	3156215	PRESERVED_SPECIMEN	MO	Tropicos	102726724	7026	Paul Maas (L)	2013-01-01T00:00:00	CC_BY_4_0	Missouri Botanical Garden	RocÃ­o Rojas;G. Ortiz			2025-01-25T19:30:28.517Z	StillImage	COORDINATE_ROUNDED;GEODETIC_DATUM_ASSUMED_WGS84;TAXON_MATCH_TAXON_ID_IGNORED;OCCURRENCE_STATUS_INFERRED_FROM_INDIVIDUAL_COUNT;COLLECTION_MATCH_NONE;INSTITUTION_MATCH_FUZZY",,,,,,,,,,
"4031635163	7bd65a7a-f762-11e1-a439-00145eb45e9a	urn:catalog:MO:Tropicos:102452940	Plantae	Tracheophyta	Magnoliopsida	Magnoliales	Annonaceae	Porcelia	Porcelia ponderosa		SPECIES	Porcelia ponderosa (Rusby) Rusby	Porcelia ponderosa (Rusby) Rusby	(Rusby) Rusby	PE	Distrito KosÃ±ipata. Quebrada Sacharacayo. Bosque primario sobre colina.	Cusco	PRESENT	2	90fd6680-349f-11d8-aa2d-b8a03c50a862	-12.875	-71.49083			544.0				2007-10-30	30	10	2007	3156215	3156215	PRESERVED_SPECIMEN	MO	Tropicos	102452940	33026	P.J.M. Maas & G.E. Schatz	2012-01-01T00:00:00	CC_BY_4_0	Missouri Botanical Garden	Rodolfo VÃ¡squez;Christopher Davidson;Sharon R. Christoph;Jim FarfÃ¡n;E. Suclli;A. PeÃ±a Cruz			2025-01-25T19:30:26.946Z		GEODETIC_DATUM_ASSUMED_WGS84;TAXON_MATCH_TAXON_ID_IGNORED;OCCURRENCE_STATUS_INFERRED_FROM_INDIVIDUAL_COUNT;COLLECTION_MATCH_NONE;INSTITUTION_MATCH_FUZZY",,,,,,,,,,
"4031573424	7bd65a7a-f762-11e1-a439-00145eb45e9a	urn:catalog:MO:Tropicos:102170349	Plantae	Tracheophyta	Magnoliopsida	Magnoliales	Annonaceae	Porcelia	Porcelia ponderosa		SPECIES	Porcelia ponderosa (Rusby) Rusby	Porcelia ponderosa (Rusby) Rusby	(Rusby) Rusby	PE	Dist. Mazuco", Puerto Maldonado," Bosque Secundario.	Madre de Dios	PRESENT	10	90fd6680-349f-11d8-aa2d-b8a03c50a862	-13.04583	-70.34444			400.0				2004-10-15	15	10	2004	3156215	3156215	PRESERVED_SPECIMEN	MO	Tropicos	102170349	4132	P. Maas & H. Maas (WAG)	2008-01-01T00:00:00	CC_BY_4_0	Missouri Botanical Garden	Luis Valenzuela G.;E. Suclli;V. Chama;J. Latorre			2025-01-25T19:28:11.155Z		GEODETIC_DATUM_ASSUMED_WGS84;TAXON_MATCH_TAXON_ID_IGNORED;OCCURRENCE_STATUS_INFERRED_FROM_INDIVIDUAL_COUNT;COLLECTION_MATCH_NONE;INSTITUTION_MATCH_FUZZY",,,,,,,,
"3710532409	15f819bd-6612-4447-854b-14d12ee1022d	https://data.biodiversitydata.nl/naturalis/specimen/L%20%200298981	Plantae	Tracheophyta	Magnoliopsida	Magnoliales	Annonaceae	Porcelia	Porcelia ponderosa		SPECIES	Porcelia ponderosa (Rusby) Rusby	Porcelia ponderosa (Rusby) Rusby	(Rusby) Rusby	BR	Brazil. Acre", Mun. Rio Branco: Parque Zoobotanico, Universidade Federal do Acre," near Viveiro (nursery) and along Estrada do Seringueiro trail.	Acre	PRESENT		396d5f30-dea9-11db-8ab4-b8a03c50a862	-9.95	-67.86667							2001-10-31	31	10	2001	3156215	3156215	PRESERVED_SPECIMEN		Botany	L  0298981	Maas"," PJM; et al. 9264			CC0_1_0	Naturalis Biodiversity Center	Maas PJM; et al.			2024-11-01T10:28:04.481Z		",,,,,,
"2997901251	a185d0c4-1a12-45c1-a729-2a7b058b528d	2430314	Plantae	Tracheophyta	Magnoliopsida	Magnoliales	Annonaceae	Porcelia	Porcelia ponderosa		SPECIES	Porcelia ponderosa (Rusby) Rusby	Porcelia ponderosa (Rusby) Rusby	(Rusby) Rusby	BR	Rio TarauacÃ¡", river at low water. Seringal Universo," ColocaÃ§ao Cumaru.	Acre	PRESENT		838537fc-4aeb-4980-8b58-97fbdcd1d91a	-8.423056	-71.314722							1994-09-21	21	9	1994	3156215	3156215	PRESERVED_SPECIMEN	NY	NY	NY00710096	8295	N. A. Murray	2004-06-06T00:00:00	CC_BY_4_0	NY	D. C. Daly			2024-01-25T12:00:17.156Z		COORDINATE_ROUNDED;GEODETIC_DATUM_ASSUMED_WGS84;CONTINENT_DERIVED_FROM_COORDINATES;INSTITUTION_MATCH_FUZZY;COLLECTION_MATCH_FUZZY",,,,,,,,
"2997377502	a185d0c4-1a12-45c1-a729-2a7b058b528d	2435703	Plantae	Tracheophyta	Magnoliopsida	Magnoliales	Annonaceae	Porcelia	Porcelia ponderosa		SPECIES	Porcelia ponderosa (Rusby) Rusby	Porcelia ponderosa (Rusby) Rusby	(Rusby) Rusby	BR	Bacia do Rio Purus", Fazenda Nova Olinda, Carreador dos Palmares," ca. 8 km da sede	Acre	PRESENT		838537fc-4aeb-4980-8b58-97fbdcd1d91a	-10.12	-69.22							1993-10-21	21	10	1993	3156215	3156215	PRESERVED_SPECIMEN	NY	NY	NY00865639	572	P. J. M. Maas; L. W. Chatrou	1996-01-01T00:00:00	CC_BY_4_0	NY	M. Silveira			2024-01-25T12:00:17.433Z		COORDINATE_ROUNDED;GEODETIC_DATUM_ASSUMED_WGS84;CONTINENT_DERIVED_FROM_COORDINATES;INSTITUTION_MATCH_FUZZY;COLLECTION_MATCH_FUZZY",,,,,,,
"2997374504	a185d0c4-1a12-45c1-a729-2a7b058b528d	2435701	Plantae	Tracheophyta	Magnoliopsida	Magnoliales	Annonaceae	Porcelia	Porcelia ponderosa		SPECIES	Porcelia ponderosa (Rusby) Rusby	Porcelia ponderosa (Rusby) Rusby	(Rusby) Rusby	BR	""Floresta Estadual de Antimari", ColocaÃ§ao Ilha," Tipologia """"D""	Acre	PRESENT		838537fc-4aeb-4980-8b58-97fbdcd1d91a	-9.830833	-67.951944							1991-09-29	29	9	1991	3156215	3156215	PRESERVED_SPECIMEN	NY	NY	NY00865637	25	N. A. Murray	1995-01-01T00:00:00	CC_BY_4_0	NY	C. A. Sothers			2024-01-25T12:00:17.292Z		COORDINATE_ROUNDED;GEODETIC_DATUM_ASSUMED_WGS84;CONTINENT_DERIVED_FROM_COORDINATES;INSTITUTION_MATCH_FUZZY;COLLECTION_MATCH_FUZZY",,,,,,,,
"2997371226	a185d0c4-1a12-45c1-a729-2a7b058b528d	2430336	Plantae	Tracheophyta	Magnoliopsida	Magnoliales	Annonaceae	Porcelia	Porcelia ponderosa		SPECIES	Porcelia ponderosa (Rusby) Rusby	Porcelia ponderosa (Rusby) Rusby	(Rusby) Rusby	BR	Rio Purus", left bank," ColocaÃ§ao Santa Helena; trail to Rio Envira.	Acre	PRESENT		838537fc-4aeb-4980-8b58-97fbdcd1d91a	-9.13	-70.176944							2001-10-26	26	10	2001	3156215	3156215	PRESERVED_SPECIMEN	NY	NY	NY00710137	11109	P. J. M. Maas		CC_BY_4_0	NY	D. C. Daly			2024-01-25T12:00:17.106Z		COORDINATE_ROUNDED;GEODETIC_DATUM_ASSUMED_WGS84;CONTINENT_DERIVED_FROM_COORDINATES;IDENTIFIED_DATE_INVALID;INSTITUTION_MATCH_FUZZY;COLLECTION_MATCH_FUZZY",,,,,,,,
"2997365238	a185d0c4-1a12-45c1-a729-2a7b058b528d	2430337	Plantae	Tracheophyta	Magnoliopsida	Magnoliales	Annonaceae	Porcelia	Porcelia ponderosa		SPECIES	Porcelia ponderosa (Rusby) Rusby	Porcelia ponderosa (Rusby) Rusby	(Rusby) Rusby	BR	Rio Chandless (tributary of Rio Purus)", left bank, Canamari," downstream from IgarapÃ© Canamari	Acre	PRESENT		838537fc-4aeb-4980-8b58-97fbdcd1d91a	-9.378056	-69.933333							2001-10-30	30	10	2001	3156215	3156215	PRESERVED_SPECIMEN	NY	NY	NY00710138	11215	P. J. M. Maas		CC_BY_4_0	NY	D. C. Daly			2024-01-25T12:00:17.154Z		COORDINATE_ROUNDED;GEODETIC_DATUM_ASSUMED_WGS84;CONTINENT_DERIVED_FROM_COORDINATES;IDENTIFIED_DATE_INVALID;INSTITUTION_MATCH_FUZZY;COLLECTION_MATCH_FUZZY",,,,,,,
"2517634603	15f819bd-6612-4447-854b-14d12ee1022d	https://data.biodiversitydata.nl/naturalis/specimen/U%20%200089452	Plantae	Tracheophyta	Magnoliopsida	Magnoliales	Annonaceae	Porcelia	Porcelia ponderosa		SPECIES	Porcelia ponderosa (Rusby) Rusby	Porcelia ponderosa (Rusby) Rusby	(Rusby) Rusby	BO		La Paz	PRESENT		396d5f30-dea9-11db-8ab4-b8a03c50a862									1992-10-03	3	10	1992	3156215	3156215	PRESERVED_SPECIMEN		Botany	U  0089452	Seidel"," R 5924			CC0_1_0	Naturalis Biodiversity Center	Seidel R			2024-11-01T10:28:05.967Z		",,,,,,,,,
"2517375834	15f819bd-6612-4447-854b-14d12ee1022d	https://data.biodiversitydata.nl/naturalis/specimen/U%20%200262800	Plantae	Tracheophyta	Magnoliopsida	Magnoliales	Annonaceae	Porcelia	Porcelia ponderosa		SPECIES	Porcelia ponderosa (Rusby) Rusby	Porcelia ponderosa (Rusby) Rusby	(Rusby) Rusby	PE		Cuzco	PRESENT		396d5f30-dea9-11db-8ab4-b8a03c50a862									1984-10-23	23	10	1984	3156215	3156215	PRESERVED_SPECIMEN		Botany	U  0262800	Maas"," PJM 6137			CC0_1_0	Naturalis Biodiversity Center	Maas PJM			2024-11-01T10:28:07.246Z		",,,,,,,,,
"2517348707	15f819bd-6612-4447-854b-14d12ee1022d	https://data.biodiversitydata.nl/naturalis/specimen/U.1080026	Plantae	Tracheophyta	Magnoliopsida	Magnoliales	Annonaceae	Porcelia	Porcelia ponderosa		SPECIES	Porcelia ponderosa (Rusby) Rusby	Porcelia ponderosa (Rusby) Rusby	(Rusby) Rusby	BR	Brazil. Acre", Mun. Rio Branco: Parque Zoobotanico, Universidade Federal do Acre," near Viveiro (nursery) and along Estrada do Seringueiro trail.	Acre	PRESENT		396d5f30-dea9-11db-8ab4-b8a03c50a862	-9.95	-67.86667							2001-10-31	31	10	2001	3156215	3156215	PRESERVED_SPECIMEN		Botany	U.1080026	Maas"," PJM; et al. 9264	Maas PJM		CC0_1_0	Naturalis Biodiversity Center	Maas PJM; et al.			2024-11-01T10:27:43.818Z	StillImage	",,,,,,
"2517310478	15f819bd-6612-4447-854b-14d12ee1022d	https://data.biodiversitydata.nl/naturalis/specimen/U.1064932	Plantae	Tracheophyta	Magnoliopsida	Magnoliales	Annonaceae	Porcelia	Porcelia ponderosa		SPECIES	Porcelia ponderosa (Rusby) Rusby	Porcelia ponderosa (Rusby) Rusby	(Rusby) Rusby	PE		Loreto	PRESENT		396d5f30-dea9-11db-8ab4-b8a03c50a862									1985-10-05	5	10	1985	3156215	3156215	PRESERVED_SPECIMEN		Botany	U.1064932	Morawetz", W; WallnÃ¶fer," B 16- 51085	Maas PJM; Chatrou LW		CC0_1_0	Naturalis Biodiversity Center	Morawetz W; WallnÃ¶fer B			2024-11-01T10:27:43.548Z	StillImage	",,,,,,,,
"2517284498	15f819bd-6612-4447-854b-14d12ee1022d	https://data.biodiversitydata.nl/naturalis/specimen/U.1064933	Plantae	Tracheophyta	Magnoliopsida	Magnoliales	Annonaceae	Porcelia	Porcelia ponderosa		SPECIES	Porcelia ponderosa (Rusby) Rusby	Porcelia ponderosa (Rusby) Rusby	(Rusby) Rusby	PE		Loreto	PRESENT		396d5f30-dea9-11db-8ab4-b8a03c50a862									1985-10-05	5	10	1985	3156215	3156215	PRESERVED_SPECIMEN		Botany	U.1064933	Morawetz", W; WallnÃ¶fer," B 16- 51085			CC0_1_0	Naturalis Biodiversity Center	Morawetz W; WallnÃ¶fer B			2024-11-01T10:27:43.853Z	StillImage	",,,,,,,,
"2517275475	15f819bd-6612-4447-854b-14d12ee1022d	https://data.biodiversitydata.nl/naturalis/specimen/U.1064990	Plantae	Tracheophyta	Magnoliopsida	Magnoliales	Annonaceae	Porcelia	Porcelia ponderosa		SPECIES	Porcelia ponderosa (Rusby) Rusby	Porcelia ponderosa (Rusby) Rusby	(Rusby) Rusby	BO		La Paz	PRESENT		396d5f30-dea9-11db-8ab4-b8a03c50a862									1992-10-03	3	10	1992	3156215	3156215	PRESERVED_SPECIMEN		Botany	U.1064990	Seidel"," R 5924	Maas PJM		CC0_1_0	Naturalis Biodiversity Center	Seidel R			2024-11-01T10:29:18.346Z	StillImage	",,,,,,,,,
"2516902813	15f819bd-6612-4447-854b-14d12ee1022d	https://data.biodiversitydata.nl/naturalis/specimen/U.1064987	Plantae	Tracheophyta	Magnoliopsida	Magnoliales	Annonaceae	Porcelia	Porcelia ponderosa		SPECIES	Porcelia ponderosa (Rusby) Rusby	Porcelia ponderosa (Rusby) Rusby	(Rusby) Rusby	BO	Bolivia", Depto. La Paz, Prov. Sud Yungas, Alto Beni," Colonia Bustillos.	La Paz	PRESENT		396d5f30-dea9-11db-8ab4-b8a03c50a862									1999-09-01/1999-09-30		9	1999	3156215	3156215	PRESERVED_SPECIMEN		Botany	U.1064987	Rodriguez"," J 754	Chatrou LW		CC0_1_0	Naturalis Biodiversity Center	Rodriguez J			2024-11-01T10:27:43.587Z	StillImage	",,,,,
"2516199547	15f819bd-6612-4447-854b-14d12ee1022d	https://data.biodiversitydata.nl/naturalis/specimen/WAG.1899862	Plantae	Tracheophyta	Magnoliopsida	Magnoliales	Annonaceae	Porcelia	Porcelia ponderosa		SPECIES	Porcelia ponderosa (Rusby) Rusby	Porcelia ponderosa (Rusby) Rusby	(Rusby) Rusby	PE	Cusco: Paucartambo", Distrito Kosnipata., Quebrada Sacgaracayo.," Bosque primario sobre colina.		PRESENT		396d5f30-dea9-11db-8ab4-b8a03c50a862	-12.875	-71.49083							2007-10-30	30	10	2007	3156215	3156215	PRESERVED_SPECIMEN		Botany	WAG.1899862	VÃ¡squez ChÃ¡vez"," R; et al. 33026	Maas PJM		CC0_1_0	Naturalis Biodiversity Center	VÃ¡squez ChÃ¡vez R; et al.			2024-11-01T10:29:42.578Z	StillImage	",,,,,,
"2515516419	15f819bd-6612-4447-854b-14d12ee1022d	https://data.biodiversitydata.nl/naturalis/specimen/U.1662605	Plantae	Tracheophyta	Magnoliopsida	Magnoliales	Annonaceae	Porcelia	Porcelia ponderosa		SPECIES	Porcelia ponderosa (Rusby) Rusby	Porcelia ponderosa (Rusby) Rusby	(Rusby) Rusby	PE	Dist. Palcazu. Comunidad Nativa Alto Lagarto - Reserva Comunal Yanesha.		PRESENT		396d5f30-dea9-11db-8ab4-b8a03c50a862	-10.15194	-75.39222							2009-09-30	30	9	2009	3156215	3156215	PRESERVED_SPECIMEN		Botany	U.1662605	Rojas Gonzales", RP; OrtÃ­z," G 7026			CC0_1_0	Naturalis Biodiversity Center	Rojas Gonzales RP; OrtÃ­z G			2024-11-01T10:29:02.015Z	StillImage	",,,,,,,,
"2515418197	15f819bd-6612-4447-854b-14d12ee1022d	https://data.biodiversitydata.nl/naturalis/specimen/U.1064931	Plantae	Tracheophyta	Magnoliopsida	Magnoliales	Annonaceae	Porcelia	Porcelia ponderosa		SPECIES	Porcelia ponderosa (Rusby) Rusby	Porcelia ponderosa (Rusby) Rusby	(Rusby) Rusby	PE		HuÃ¡nuco	PRESENT		396d5f30-dea9-11db-8ab4-b8a03c50a862									1988-10-01	1	10	1988	3156215	3156215	PRESERVED_SPECIMEN		Botany	U.1064931	WallnÃ¶fer"," B 110-11088	Maas PJM; Chatrou LW		CC0_1_0	Naturalis Biodiversity Center	WallnÃ¶fer B			2024-11-01T10:27:43.853Z	StillImage	",,,,,,,,,
"2515360221	15f819bd-6612-4447-854b-14d12ee1022d	https://data.biodiversitydata.nl/naturalis/specimen/U.1080028	Plantae	Tracheophyta	Magnoliopsida	Magnoliales	Annonaceae	Porcelia	Porcelia ponderosa		SPECIES	Porcelia ponderosa (Rusby) Rusby	Porcelia ponderosa (Rusby) Rusby	(Rusby) Rusby	BR		Acre	PRESENT		396d5f30-dea9-11db-8ab4-b8a03c50a862									1993-10-21	21	10	1993	3156215	3156215	PRESERVED_SPECIMEN		Botany	U.1080028	Silveira"," M; et al. 572	Maas PJM; Chatrou LW		CC0_1_0	Naturalis Biodiversity Center	Silveira M; et al.			2024-11-01T10:27:43.818Z	StillImage	",,,,,,,,,
"2515301843	15f819bd-6612-4447-854b-14d12ee1022d	https://data.biodiversitydata.nl/naturalis/specimen/U.1064992	Plantae	Tracheophyta	Magnoliopsida	Magnoliales	Annonaceae	Porcelia	Porcelia ponderosa		SPECIES	Porcelia ponderosa (Rusby) Rusby	Porcelia ponderosa (Rusby) Rusby	(Rusby) Rusby	PE		Cuzco	PRESENT		396d5f30-dea9-11db-8ab4-b8a03c50a862									1984-10-23	23	10	1984	3156215	3156215	PRESERVED_SPECIMEN		Botany	U.1064992	Maas"," PJM 6137	Maas PJM; Chatrou LW		CC0_1_0	Naturalis Biodiversity Center	Maas PJM			2024-11-01T10:29:18.346Z	StillImage	",,,,,,,,,
"2515281420	15f819bd-6612-4447-854b-14d12ee1022d	https://data.biodiversitydata.nl/naturalis/specimen/U.1080024	Plantae	Tracheophyta	Magnoliopsida	Magnoliales	Annonaceae	Porcelia	Porcelia ponderosa		SPECIES	Porcelia ponderosa (Rusby) Rusby	Porcelia ponderosa (Rusby) Rusby	(Rusby) Rusby	BR		Acre	PRESENT		396d5f30-dea9-11db-8ab4-b8a03c50a862	-9.36667	-69.93333							2001-10-30	30	10	2001	3156215	3156215	PRESERVED_SPECIMEN		Botany	U.1080024	Daly"," DC; et al. 11215	Maas PJM		CC0_1_0	Naturalis Biodiversity Center	Daly DC; et al.			2024-11-01T10:27:43.817Z	StillImage	",,,,,,,,,
"2515281185	15f819bd-6612-4447-854b-14d12ee1022d	https://data.biodiversitydata.nl/naturalis/specimen/U.1064936	Plantae	Tracheophyta	Magnoliopsida	Magnoliales	Annonaceae	Porcelia	Porcelia ponderosa		SPECIES	Porcelia ponderosa (Rusby) Rusby	Porcelia ponderosa (Rusby) Rusby	(Rusby) Rusby	PE		Madre de Dios	PRESENT		396d5f30-dea9-11db-8ab4-b8a03c50a862									1986-09-11	11	9	1986	3156215	3156215	PRESERVED_SPECIMEN		Botany	U.1064936	NÃºÃ±ez Vargas"," P 6077	Maas PJM; Chatrou LW		CC0_1_0	Naturalis Biodiversity Center	NÃºÃ±ez Vargas P			2024-11-01T10:29:00.325Z	StillImage	",,,,,,,,,
"2515261516	15f819bd-6612-4447-854b-14d12ee1022d	https://data.biodiversitydata.nl/naturalis/specimen/U.1064991	Plantae	Tracheophyta	Magnoliopsida	Magnoliales	Annonaceae	Porcelia	Porcelia ponderosa		SPECIES	Porcelia ponderosa (Rusby) Rusby	Porcelia ponderosa (Rusby) Rusby	(Rusby) Rusby	PE	Codo de Pozuzo", alluvial floodplain of rio Pozuzo after it emerges from the mountains," trail W of settlement to lower mountain slopes	HuÃ¡nuco	PRESENT		396d5f30-dea9-11db-8ab4-b8a03c50a862	-9.66667	-75.46667							1982-10-17	17	10	1982	3156215	3156215	PRESERVED_SPECIMEN		Botany	U.1064991	Foster"," RB 9223	Maas PJM; Chatrou LW		CC0_1_0	Naturalis Biodiversity Center	Foster RB			2024-11-01T10:27:43.548Z	StillImage	",,,,,,,
"2515184703	15f819bd-6612-4447-854b-14d12ee1022d	https://data.biodiversitydata.nl/naturalis/specimen/U.1080025	Plantae	Tracheophyta	Magnoliopsida	Magnoliales	Annonaceae	Porcelia	Porcelia ponderosa		SPECIES	Porcelia ponderosa (Rusby) Rusby	Porcelia ponderosa (Rusby) Rusby	(Rusby) Rusby	BR		Acre	PRESENT		396d5f30-dea9-11db-8ab4-b8a03c50a862	-9.11667	-70.16667							2001-10-26	26	10	2001	3156215	3156215	PRESERVED_SPECIMEN		Botany	U.1080025	Daly"," DC; et al. 11109	Maas PJM		CC0_1_0	Naturalis Biodiversity Center	Daly DC; et al.			2024-11-01T10:29:35.298Z	StillImage	",,,,,,,,,
"2397868845	bf0dd71d-364c-4f16-8612-2661f07f40a2	https://specieslink.net/guid/203/14824	Plantae	Tracheophyta	Magnoliopsida	Magnoliales	Annonaceae	Porcelia	Porcelia ponderosa		SPECIES	Porcelia ponderosa (Rusby) Rusby	Porcelia ponderosa	(Rusby) Rusby	BR	Reserva Extrativista Alto JuruÃ¡"," seringal Boa Vista da UniÃ£o.	Acre	PRESENT		61b0ba19-5ebf-4bb2-8591-531d6f3b7eb7									2000-09-18	18	9	2000	3156215	3156215	PRESERVED_SPECIMEN	UFAC	UFACPZ	14824	690	Maas"," P J M	2001-01-01T00:00:00	CC_BY_4_0	HerbÃ¡rio da Universidade Federal do Acre	Rivero", I; Souza, MCC; OLIVEIRA, E C; Bandeira," JR		native	2025-01-19T16:39:17.433Z		CONTINENT_DERIVED_FROM_COUNTRY;INSTITUTION_MATCH_NONE",,,,
"2397864121	bf0dd71d-364c-4f16-8612-2661f07f40a2	https://specieslink.net/guid/203/9690	Plantae	Tracheophyta	Magnoliopsida	Magnoliales	Annonaceae	Porcelia	Porcelia ponderosa		SPECIES	Porcelia ponderosa (Rusby) Rusby	Porcelia ponderosa	(Rusby) Rusby	BR	River at low water. Seringal universo"," colocaÃ§Ã£o Cumaru.	Acre	PRESENT		61b0ba19-5ebf-4bb2-8591-531d6f3b7eb7	-8.0	-71.0							1994-09-21	21	9	1994	3156215	3156215	PRESERVED_SPECIMEN	UFAC	UFACPZ	9690	8295	Maas"," P J M	2001-01-01T00:00:00	CC_BY_4_0	HerbÃ¡rio da Universidade Federal do Acre	Daly", DC; Silveira, M; Saraiva, R; Lima, L A; GOLDSTEIN," N		native	2025-01-19T16:39:20.133Z		CONTINENT_DERIVED_FROM_COORDINATES;INSTITUTION_MATCH_NONE",,,
"2397861454	bf0dd71d-364c-4f16-8612-2661f07f40a2	https://specieslink.net/guid/203/6185	Plantae	Tracheophyta	Magnoliopsida	Magnoliales	Annonaceae	Porcelia	Porcelia ponderosa		SPECIES	Porcelia ponderosa (Rusby) Rusby	Porcelia ponderosa	(Rusby) Rusby	BR	Bacia do Rio Purus", Fazenda Nova Olinda, carreador dos palmares," ca. 8 km da sede.	Acre	PRESENT		61b0ba19-5ebf-4bb2-8591-531d6f3b7eb7	-10.0	-69.0							1993-10-21	21	10	1993	3156215	3156215	PRESERVED_SPECIMEN	UFAC	UFACPZ	6185	572	Maas"," P J M	1996-01-01T00:00:00	CC_BY_4_0	HerbÃ¡rio da Universidade Federal do Acre	Silveira", M; Daly, DC; Saraiva, RS; WALTHIER, F C; Silva, DAG; Pardo," M		native	2025-01-19T16:39:20.621Z		CONTINENT_DERIVED_FROM_COORDINATES;INSTITUTION_MATCH_NONE"
"1931143621	d415c253-4d61-4459-9d25-4015b9084fb0	eee0f6b6-4903-4549-a72a-714e30671d31	Plantae	Tracheophyta	Magnoliopsida	Magnoliales	Annonaceae	Porcelia	Porcelia ponderosa		SPECIES	Porcelia ponderosa (Rusby) Rusby	Porcelia ponderosa (Rusby) Rusby	(Rusby) Rusby	BR	""Floresta Estadual de Antimari", ColocaÃ§ao Ilha," Tipologia """"D""""""	Acre	PRESENT		ae447c50-b8a8-11d8-92a4-b8a03c50a862	-9.8343189	-67.953592							1991-09-29	29	9	1991	3156215	3156215	PRESERVED_SPECIMEN	NY	NY	865637	25	N. A. Murray	1995-01-01T00:00:00	CC0_1_0	The New York Botanical Garden	C. A. Sothers			2024-12-25T06:21:15.153Z	StillImage	COORDINATE_REPROJECTED;MODIFIED_DATE_INVALID",,,,,,,,
"1931108937	d415c253-4d61-4459-9d25-4015b9084fb0	ec60723a-deae-49ed-8c8c-48710f99373e	Plantae	Tracheophyta	Magnoliopsida	Magnoliales	Annonaceae	Porcelia	Porcelia ponderosa		SPECIES	Guatteria ponderosa Rusby	Guatteria ponderosa Rusby	Rusby	BO	Apolo		PRESENT		ae447c50-b8a8-11d8-92a4-b8a03c50a862	-14.720389	-68.41692							1902-09-11	11	9	1902	3156217	3156215	PRESERVED_SPECIMEN	NY	NY	26060	1479			CC0_1_0	The New York Botanical Garden	R. S. Williams	HOLOTYPE		2024-12-25T06:21:22.509Z	StillImage	MODIFIED_DATE_INVALID",,,,,,,,,,
"1930390597	d415c253-4d61-4459-9d25-4015b9084fb0	b988362b-8634-464a-8a0b-43dab431f5e0	Plantae	Tracheophyta	Magnoliopsida	Magnoliales	Annonaceae	Porcelia	Porcelia ponderosa		SPECIES	Porcelia ponderosa (Rusby) Rusby	Porcelia ponderosa (Rusby) Rusby	(Rusby) Rusby	BR	Bacia do Rio Purus", Fazenda Nova Olinda, Carreador dos Palmares," ca. 8 km da sede	Acre	PRESENT		ae447c50-b8a8-11d8-92a4-b8a03c50a862	-10.12	-69.22							1993-10-21	21	10	1993	3156215	3156215	PRESERVED_SPECIMEN	NY	NY	865639	572	P. J. M. Maas; L. W. Chatrou	1996-01-01T00:00:00	CC0_1_0	The New York Botanical Garden	M. Silveira			2024-12-25T06:20:45.218Z	StillImage	GEODETIC_DATUM_ASSUMED_WGS84;MODIFIED_DATE_INVALID",,,,,,,
"1929823433	d415c253-4d61-4459-9d25-4015b9084fb0	918cd7c8-dd55-4923-b01d-faaefc3aecff	Plantae	Tracheophyta	Magnoliopsida	Magnoliales	Annonaceae	Porcelia	Porcelia ponderosa		SPECIES	Porcelia ponderosa (Rusby) Rusby	Porcelia ponderosa (Rusby) Rusby	(Rusby) Rusby	BR	Bacia do Rio Purus", Fazenda Nova Olinda, Carreador dos Palmares," ca. 8 km da sede	Acre	PRESENT		ae447c50-b8a8-11d8-92a4-b8a03c50a862	-10.12	-69.22							1993-10-21	21	10	1993	3156215	3156215	PRESERVED_SPECIMEN	NY	NY	865640	572	P. J. M. Maas; L. W. Chatrou	1996-01-01T00:00:00	CC0_1_0	The New York Botanical Garden	M. Silveira			2024-12-25T06:20:16.212Z		GEODETIC_DATUM_ASSUMED_WGS84;MODIFIED_DATE_INVALID",,,,,,,
"1929504410	d415c253-4d61-4459-9d25-4015b9084fb0	7ae2e9b3-c91b-4eb9-9123-06adec185de8	Plantae	Tracheophyta	Magnoliopsida	Magnoliales	Annonaceae	Porcelia	Porcelia ponderosa		SPECIES	Guatteria ponderosa Rusby	Guatteria ponderosa Rusby	Rusby	BO	Apolo		PRESENT		ae447c50-b8a8-11d8-92a4-b8a03c50a862	-14.720389	-68.41692							1902-09-11	11	9	1902	3156217	3156215	PRESERVED_SPECIMEN	NY	NY	26059	1479			CC0_1_0	The New York Botanical Garden	R. S. Williams	HOLOTYPE		2024-12-25T06:19:45.008Z	StillImage	MODIFIED_DATE_INVALID",,,,,,,,,,
"1929454298	d415c253-4d61-4459-9d25-4015b9084fb0	77639b2c-d5e3-4525-b993-9699c43f6b63	Plantae	Tracheophyta	Magnoliopsida	Magnoliales	Annonaceae	Porcelia	Porcelia ponderosa		SPECIES	Porcelia ponderosa (Rusby) Rusby	Porcelia ponderosa (Rusby) Rusby	(Rusby) Rusby	BR	Rio Chandless (tributary of Rio Purus)", left bank, Canamari," downstream from IgarapÃ© Canamari	Acre	PRESENT		ae447c50-b8a8-11d8-92a4-b8a03c50a862	-9.3781	-69.9333							2001-10-30	30	10	2001	3156215	3156215	PRESERVED_SPECIMEN	NY	NY	710138	11215	P. J. M. Maas		CC0_1_0	The New York Botanical Garden	D. C. Daly			2024-12-25T06:19:58.050Z	StillImage	GEODETIC_DATUM_ASSUMED_WGS84;MODIFIED_DATE_INVALID",,,,,,,
"1928989404	d415c253-4d61-4459-9d25-4015b9084fb0	56666580-77e5-47f0-8f6b-c107fc9b9935	Plantae	Tracheophyta	Magnoliopsida	Magnoliales	Annonaceae	Porcelia	Porcelia ponderosa		SPECIES	Guatteria ponderosa Rusby	Guatteria ponderosa Rusby	Rusby	BO	Apolo		PRESENT		ae447c50-b8a8-11d8-92a4-b8a03c50a862	-14.720389	-68.41692							1902-09-11	11	9	1902	3156217	3156215	PRESERVED_SPECIMEN	NY	NY	26058	1479			CC0_1_0	The New York Botanical Garden	R. S. Williams	HOLOTYPE		2024-12-25T06:22:15.935Z	StillImage	MODIFIED_DATE_INVALID",,,,,,,,,,
"1928699301	d415c253-4d61-4459-9d25-4015b9084fb0	41d2ac7e-162a-47db-9aff-54c14634b795	Plantae	Tracheophyta	Magnoliopsida	Magnoliales	Annonaceae	Porcelia	Porcelia ponderosa		SPECIES	Porcelia ponderosa (Rusby) Rusby	Porcelia ponderosa (Rusby) Rusby	(Rusby) Rusby	BR	Rio Purus", left bank," ColocaÃ§ao Santa Helena; trail to Rio Envira.	Acre	PRESENT		ae447c50-b8a8-11d8-92a4-b8a03c50a862	-9.13	-70.1769							2001-10-26	26	10	2001	3156215	3156215	PRESERVED_SPECIMEN	NY	NY	710137	11109	P. J. M. Maas		CC0_1_0	The New York Botanical Garden	D. C. Daly			2024-12-25T06:18:47.152Z	StillImage	GEODETIC_DATUM_ASSUMED_WGS84;MODIFIED_DATE_INVALID",,,,,,,,
"1928220017	d415c253-4d61-4459-9d25-4015b9084fb0	1fdc8c58-2b97-409e-b714-f5bf0b169f04	Plantae	Tracheophyta	Magnoliopsida	Magnoliales	Annonaceae	Porcelia	Porcelia ponderosa		SPECIES	Porcelia ponderosa (Rusby) Rusby	Porcelia ponderosa (Rusby) Rusby	(Rusby) Rusby	BR	Rio TarauacÃ¡", river at low water. Seringal Universo," ColocaÃ§ao Cumaru.	Acre	PRESENT		ae447c50-b8a8-11d8-92a4-b8a03c50a862	-8.42317	-71.31483							1994-09-21	21	9	1994	3156215	3156215	PRESERVED_SPECIMEN	NY	NY	710096	8295	N. A. Murray	2004-06-06T00:00:00	CC0_1_0	The New York Botanical Garden	D. C. Daly			2024-12-25T06:21:48.942Z	StillImage	GEODETIC_DATUM_ASSUMED_WGS84;MODIFIED_DATE_INVALID",,,,,,,,
"1898922526	18da9e5d-8966-4893-bf70-b3911152d991	ce08f787-fa28-487c-b498-cc983785b8f6	Plantae	Tracheophyta	Magnoliopsida	Magnoliales	Annonaceae	Porcelia	Porcelia ponderosa		SPECIES	Porcelia ponderosa (Rusby) Rusby	Porcelia ponderosa	Rusby	BO	4 km. WNW of center of Buena Vista along highway to San Carlos"," 1 km. E of El Fraile.	Santa Cruz	PRESENT		eac88d99-9f6c-4031-8fc4-8088f0e0dfe7	-17.45	-63.7			360.0	0.0			1990-10-30	30	10	1990	3156215	3156215	PRESERVED_SPECIMEN	Universidad Nacional de Colombia (UNAL)	COL	339093	39608	M. Nee	1990-01-01T00:00:00	CC_BY_4_0	Universidad Nacional de Colombia	M. Nee			2024-01-25T05:38:17.431Z		GEODETIC_DATUM_ASSUMED_WGS84",,,,,,,,,
"1261478210	7bd65a7a-f762-11e1-a439-00145eb45e9a	urn:catalog:MO:Tropicos:756270	Plantae	Tracheophyta	Magnoliopsida	Magnoliales	Annonaceae	Porcelia	Porcelia ponderosa		SPECIES	Porcelia ponderosa (Rusby) Rusby	Porcelia ponderosa (Rusby) Rusby	(Rusby) Rusby	PE	Quillabamba"," Salaspampa. Road to Kiteni; chacra del Sr. Alejo Daniel CÃ¡ceres. RÃ­o Urubamba.	Cusco	PRESENT	4	90fd6680-349f-11d8-aa2d-b8a03c50a862	-12.816667	-72.783333			1110.0				1986-10-28	28	10	1986	3156215	3156215	PRESERVED_SPECIMEN	MO	Tropicos	756270	6278	N. A. Murray (OWU)	1993-01-01T00:00:00	CC_BY_4_0	Missouri Botanical Garden	Percy NÃºÃ±ez V.;S. Walsh			2025-01-25T19:26:04.943Z		GEODETIC_DATUM_ASSUMED_WGS84;TAXON_MATCH_TAXON_ID_IGNORED;OCCURRENCE_STATUS_INFERRED_FROM_INDIVIDUAL_COUNT;COLLECTION_MATCH_NONE;INSTITUTION_MATCH_FUZZY",,,,,,,,,
"1261477865	7bd65a7a-f762-11e1-a439-00145eb45e9a	urn:catalog:MO:Tropicos:755948	Plantae	Tracheophyta	Magnoliopsida	Magnoliales	Annonaceae	Porcelia	Porcelia ponderosa		SPECIES	Porcelia ponderosa (Rusby) Rusby	Porcelia ponderosa (Rusby) Rusby	(Rusby) Rusby	PE	Manu Park"," Cocha Cashu uplands.	Madre de Dios	PRESENT	4	90fd6680-349f-11d8-aa2d-b8a03c50a862	-11.75	-71.16666			400.0				1986-09-11	11	9	1986	3156215	3156215	PRESERVED_SPECIMEN	MO	Tropicos	755948	6077	N.A. Murray (OWU)	1997-01-01T00:00:00	CC_BY_4_0	Missouri Botanical Garden	Percy NÃºÃ±ez V.			2025-01-25T19:28:51.761Z		GEODETIC_DATUM_ASSUMED_WGS84;TAXON_MATCH_TAXON_ID_IGNORED;OCCURRENCE_STATUS_INFERRED_FROM_INDIVIDUAL_COUNT;COLLECTION_MATCH_NONE;INSTITUTION_MATCH_FUZZY",,,,,,,,,
"1261477493	7bd65a7a-f762-11e1-a439-00145eb45e9a	urn:catalog:MO:Tropicos:755560	Plantae	Tracheophyta	Magnoliopsida	Magnoliales	Annonaceae	Porcelia	Porcelia ponderosa		SPECIES	Porcelia ponderosa (Rusby) Rusby	Porcelia ponderosa (Rusby) Rusby	(Rusby) Rusby	PE	Puerto Inca: 2-8 km E of town. Trails through low forested hills and streams.	HuÃ¡nuco	PRESENT	2	90fd6680-349f-11d8-aa2d-b8a03c50a862	-9.3	-74.95			275.0	25.0			1982-09-12	12	9	1982	3156215	3156215	PRESERVED_SPECIMEN	MO	Tropicos	755560	8726	P. & H. Maas (WAG)	2008-01-01T00:00:00	CC_BY_4_0	Missouri Botanical Garden	Robin B. Foster			2025-01-25T19:26:05.160Z		GEODETIC_DATUM_ASSUMED_WGS84;TAXON_MATCH_TAXON_ID_IGNORED;OCCURRENCE_STATUS_INFERRED_FROM_INDIVIDUAL_COUNT;COLLECTION_MATCH_NONE;INSTITUTION_MATCH_FUZZY",,,,,,,,,,
"1260912529	e053ff53-c156-4e2e-b9b5-4462e9625424	urn:catalog:MO:Tropicos:3489981	Plantae	Tracheophyta	Magnoliopsida	Magnoliales	Annonaceae	Porcelia	Porcelia ponderosa		SPECIES	Porcelia ponderosa (Rusby) Rusby	Porcelia ponderosa (Rusby) Rusby	(Rusby) Rusby	PE	Distrito KosÃ±ipata. Quebrada Sacharacayo. Bosque primario sobre colina.	Cusco	PRESENT	2	90fd6680-349f-11d8-aa2d-b8a03c50a862	-12.875	-71.49083			544.0				2007-10-30	30	10	2007	3156215	3156215	PRESERVED_SPECIMEN	USM	Tropicos	3489981	33026	P.J.M. Maas & G.E. Schatz	2012-01-01T00:00:00	CC_BY_4_0	Missouri Botanical Garden	Rodolfo VÃ¡squez;Christopher Davidson;Sharon R. Christoph;Jim FarfÃ¡n;E. Suclli;A. PeÃ±a Cruz			2025-01-25T18:16:20.244Z		GEODETIC_DATUM_ASSUMED_WGS84;TAXON_MATCH_TAXON_ID_IGNORED;OCCURRENCE_STATUS_INFERRED_FROM_INDIVIDUAL_COUNT;AMBIGUOUS_INSTITUTION",,,,,,,,,,
"1260807378	7bd65a7a-f762-11e1-a439-00145eb45e9a	urn:catalog:MO:Tropicos:3394567	Plantae	Tracheophyta	Magnoliopsida	Magnoliales	Annonaceae	Porcelia	Porcelia ponderosa		SPECIES	Porcelia ponderosa (Rusby) Rusby	Porcelia ponderosa (Rusby) Rusby	(Rusby) Rusby	BR	TaraucacÃ¡: Rio TaraucÃ¡", river at low water. Seringal Universo," ColocacÃ£o Cumaru. Seasonally flooded vÃ¡rzea and (on higher ground) terra firme. Relatively level terrain. Primary forest.	Acre	PRESENT		90fd6680-349f-11d8-aa2d-b8a03c50a862	-8.4275	-71.3							1994-09-21	21	9	1994	3156215	3156215	PRESERVED_SPECIMEN	MO	Tropicos	3394567	8295	N.A. Murry	1998-01-01T00:00:00	CC_BY_4_0	Missouri Botanical Garden	Douglas C. Daly			2025-01-25T19:29:27.549Z		GEODETIC_DATUM_ASSUMED_WGS84;TAXON_MATCH_TAXON_ID_IGNORED;COLLECTION_MATCH_NONE;INSTITUTION_MATCH_FUZZY",,,,,,,,
"1260807155	7bd65a7a-f762-11e1-a439-00145eb45e9a	urn:catalog:MO:Tropicos:3394341	Plantae	Tracheophyta	Magnoliopsida	Magnoliales	Annonaceae	Porcelia	Porcelia ponderosa		SPECIES	Porcelia ponderosa (Rusby) Rusby	Porcelia ponderosa (Rusby) Rusby	(Rusby) Rusby	BO	Sta. Cruz de la Sierra.	Santa Cruz	PRESENT		90fd6680-349f-11d8-aa2d-b8a03c50a862	-17.789167	-63.1975			275.0	25.0			1926-10		10	1926	3156215	3156215	PRESERVED_SPECIMEN	MO	Tropicos	3394341	672	N.A. Murray	1989-01-01T00:00:00	CC_BY_4_0	Missouri Botanical Garden	Erich Werdermann			2025-01-25T19:27:07.423Z		GEODETIC_DATUM_ASSUMED_WGS84;TAXON_MATCH_TAXON_ID_IGNORED;COLLECTION_MATCH_NONE;INSTITUTION_MATCH_FUZZY",,,,,,,,,,
"1260081800	e053ff53-c156-4e2e-b9b5-4462e9625424	urn:catalog:MO:Tropicos:2737173	Plantae	Tracheophyta	Magnoliopsida	Magnoliales	Annonaceae	Porcelia	Porcelia ponderosa		SPECIES	Porcelia ponderosa (Rusby) Rusby	Porcelia ponderosa (Rusby) Rusby	(Rusby) Rusby	PE	Dist. Mazuco", Puerto Maldonado," Bosque Secundario.	Madre de Dios	PRESENT	10	90fd6680-349f-11d8-aa2d-b8a03c50a862	-13.04583	-70.34444			400.0				2004-10-15	15	10	2004	3156215	3156215	PRESERVED_SPECIMEN	MOL	Tropicos	2737173	4132	P. Maas & H. Maas (WAG)	2008-01-01T00:00:00	CC_BY_4_0	Missouri Botanical Garden	Luis Valenzuela G.;E. Suclli;V. Chama;J. Latorre			2025-01-25T18:14:26.667Z		GEODETIC_DATUM_ASSUMED_WGS84;TAXON_MATCH_TAXON_ID_IGNORED;OCCURRENCE_STATUS_INFERRED_FROM_INDIVIDUAL_COUNT;COLLECTION_MATCH_NONE;INSTITUTION_MATCH_FUZZY;DIFFERENT_OWNER_INSTITUTION",,,,,,,,
"1259494786	e053ff53-c156-4e2e-b9b5-4462e9625424	urn:catalog:MO:Tropicos:2204489	Plantae	Tracheophyta	Magnoliopsida	Magnoliales	Annonaceae	Porcelia	Porcelia ponderosa		SPECIES	Porcelia ponderosa (Rusby) Rusby	Porcelia ponderosa (Rusby) Rusby	(Rusby) Rusby	PE	Dist. Echarate", Socorro," Bosque Primario Intervenido	Cusco	PRESENT	6	90fd6680-349f-11d8-aa2d-b8a03c50a862	-12.816667	-72.566667			1757.0				2003-09-26	26	9	2003	3156215	3156215	PRESERVED_SPECIMEN	USM	Tropicos	2204489	2017	N.A. Murray (OWU)	2021-01-01T00:00:00	CC_BY_4_0	Missouri Botanical Garden	Gloria Calatayud;E. Suclli;Jim FarfÃ¡n;L. CÃ¡rdenas;Yesenia Vizcardo			2025-01-25T18:14:20.184Z		COORDINATE_ROUNDED;GEODETIC_DATUM_ASSUMED_WGS84;TAXON_MATCH_TAXON_ID_IGNORED;OCCURRENCE_STATUS_INFERRED_FROM_INDIVIDUAL_COUNT;AMBIGUOUS_INSTITUTION",,,,,,,,
"1258669494	e053ff53-c156-4e2e-b9b5-4462e9625424	urn:catalog:MO:Tropicos:1441787	Plantae	Tracheophyta	Magnoliopsida	Magnoliales	Annonaceae	Porcelia	Porcelia ponderosa		SPECIES	Guatteria ponderosa Rusby	Guatteria ponderosa Rusby	Rusby	BO	Apolo		PRESENT		90fd6680-349f-11d8-aa2d-b8a03c50a862					1463.04				1902-09-11	11	9	1902	3156217	3156215	PRESERVED_SPECIMEN	NY	Tropicos	1441787	1479	H. H. Rusby	1910-01-01T00:00:00	CC_BY_4_0	Missouri Botanical Garden	Robert S. Williams	HOLOTYPE		2025-01-25T18:16:04.088Z		TAXON_MATCH_TAXON_ID_IGNORED;COLLECTION_MATCH_NONE;INSTITUTION_MATCH_FUZZY;DIFFERENT_OWNER_INSTITUTION",,,,,,,,,,
"1257753837	e053ff53-c156-4e2e-b9b5-4462e9625424	urn:catalog:MO:Tropicos:100406156	Plantae	Tracheophyta	Magnoliopsida	Magnoliales	Annonaceae	Porcelia	Porcelia ponderosa		SPECIES	Porcelia ponderosa (Rusby) Rusby	Porcelia ponderosa (Rusby) Rusby	(Rusby) Rusby	PE	Dist. PalcazÃº. Comunidad Nativa Alto Lagarto - Reserva Comunal Yanesha.	Pasco	PRESENT	5	90fd6680-349f-11d8-aa2d-b8a03c50a862	-10.151944	-75.392222			584.0				2009-09-30	30	9	2009	3156215	3156215	PRESERVED_SPECIMEN	USM	Tropicos	100406156	7026	Paul Maas (L)	2013-01-01T00:00:00	CC_BY_4_0	Missouri Botanical Garden	RocÃ­o Rojas;G. Ortiz			2025-01-25T18:14:46.085Z	StillImage	COORDINATE_ROUNDED;GEODETIC_DATUM_ASSUMED_WGS84;TAXON_MATCH_TAXON_ID_IGNORED;OCCURRENCE_STATUS_INFERRED_FROM_INDIVIDUAL_COUNT;AMBIGUOUS_INSTITUTION",,,,,,,,,,
"1228582170	90c853e6-56bd-480b-8e8f-6285c3f8d42b	28ab4f0f-1090-4e54-9ee8-bf5b5721872c	Plantae	Tracheophyta	Magnoliopsida	Magnoliales	Annonaceae	Porcelia	Porcelia ponderosa		SPECIES	Porcelia ponderosa (Rusby) Rusby	Porcelia ponderosa (Rusby) Rusby		PE	Madre de Dios	Madre de Dios	PRESENT		7b8aff00-a9f8-11d8-944b-b8a03c50a862	-11.849152	-70.639074	230928.0						1979-10-08	8	10	1979	3156215	3156215	PRESERVED_SPECIMEN	F	Botany	V0543173F	7122	D. M. Johnson	2004-01-01T00:00:00	CC0_1_0	The Field Museum of Natural History	R. B. Foster			2024-01-25T10:59:49.212Z	StillImage	GEODETIC_DATUM_ASSUMED_WGS84;AMBIGUOUS_COLLECTION;INSTITUTION_MATCH_FUZZY",,,,,,,,,,
"1228402686	90c853e6-56bd-480b-8e8f-6285c3f8d42b	f3a4bedb-78f4-4abc-9c84-8f354b617c50	Plantae	Tracheophyta	Magnoliopsida	Magnoliales	Annonaceae	Porcelia	Porcelia ponderosa		SPECIES	Porcelia ponderosa (Rusby) Rusby	Porcelia ponderosa (Rusby) Rusby		PE	HuÃ¡nuco	HuÃ¡nuco	PRESENT		7b8aff00-a9f8-11d8-944b-b8a03c50a862	-9.5	-75.8333							1982-10-17	17	10	1982	3156215	3156215	PRESERVED_SPECIMEN	F	Botany	V0543185F	9223	D. M. Johnson	2004-01-01T00:00:00	CC0_1_0	The Field Museum of Natural History	R. B. Foster			2024-01-25T10:59:55.914Z	StillImage	GEODETIC_DATUM_ASSUMED_WGS84;AMBIGUOUS_COLLECTION;INSTITUTION_MATCH_FUZZY",,,,,,,,,,
"1228178128	90c853e6-56bd-480b-8e8f-6285c3f8d42b	eca1fde5-90c2-46bd-991b-5ed97fa819bd	Plantae	Tracheophyta	Magnoliopsida	Magnoliales	Annonaceae	Porcelia	Porcelia ponderosa		SPECIES	Porcelia ponderosa (Rusby) Rusby	Porcelia ponderosa (Rusby) Rusby		PE	Madre de Dios	Madre de Dios	PRESENT		7b8aff00-a9f8-11d8-944b-b8a03c50a862	-11.849152	-70.639074	230928.0						1979-09-01	1	9	1979	3156215	3156215	PRESERVED_SPECIMEN	F	Botany	V0543179F	6951	D. M. Johnson	2004-01-01T00:00:00	CC0_1_0	The Field Museum of Natural History	R. B. Foster			2024-01-25T11:00:13.233Z	StillImage	GEODETIC_DATUM_ASSUMED_WGS84;AMBIGUOUS_COLLECTION;INSTITUTION_MATCH_FUZZY",,,,,,,,,,
"1055933914	7e380070-f762-11e1-a439-00145eb45e9a	1a76bfbd-9ce4-4479-8eaa-428016662628	Plantae	Tracheophyta	Magnoliopsida	Magnoliales	Annonaceae	Porcelia	Porcelia ponderosa		SPECIES	Porcelia ponderosa (Rusby) Rusby	Porcelia ponderosa (Rusby) Rusby	(Rusby) Rusby	BO			PRESENT		19456090-b49a-11d8-abeb-b8a03c50a862	-16.714611	-64.670931	1378.0						1902-09-11	11	9	1902	3156215	3156215	PRESERVED_SPECIMEN	NHMUK	BOT	BM000553991	1749			CC0_1_0		Robert Statham Williams	ISOTYPE		2025-01-18T06:06:08.678Z	StillImage	GEODETIC_DATUM_ASSUMED_WGS84;MODIFIED_DATE_INVALID;MULTIMEDIA_DATE_INVALID;INSTITUTION_MATCH_FUZZY;COLLECTION_MATCH_FUZZY",,,,,,,,,,
"1042712430	3cc6171e-8c52-4f65-ad7a-32c74e395f29	urn:catalog:inpa:herbarium:245968	Plantae	Tracheophyta	Magnoliopsida	Magnoliales	Annonaceae	Porcelia	Porcelia ponderosa		SPECIES	Porcelia ponderosa (Rusby) Rusby	Porcelia ponderosa (Rusby) Rusby		BR	Fazenda Nova Olinda.", Bacia do Rio Purus, Fazenda Nova Olinda, Carreador dos Palmares," ca. 8 km da sede.	Acre	PRESENT		c0d9c91a-0f83-4819-bf7e-bb5e1184eb6b	-10.1	-69.2			0.0	0.0			1993-10-21	21	10	1993	3156215	3156215	PRESERVED_SPECIMEN	Instituto Nacional de Pesquisas da AmazÃ´nia (INPA)	ColeÃ§Ã£o BotÃ¢nica"," Instituto Nacional de Pesquisas da AmazÃ´nia (INPA)	231349	572	""""""Maas", P.J.M.; Chatrou," L.W.""""""	1996-01-01T00:00:00	CC0_1_0	Instituto Nacional de Pesquisas da AmazÃ´nia (INPA)	Mike Hopkins			2024-10-07T09:08:21.359Z		GEODETIC_DATUM_INVALID;GEODETIC_DATUM_ASSUMED_WGS84;INSTITUTION_MATCH_NONE",,,
